	total	sturm	regen	wetter	witterung	schnee	wind	kälte	hitze	wärme	winde	klima	frost	gewitter	blitz	nebel	wolken	grad_wärme	fluth	stürme	dürre	sturme	hagel	stürmen	sonnenschein	orkan	winden	unwetter	bewölkter_himmel	wolke	sturmes	kühle	regengüsse	schneefall	überschwemmung	grad_kälte	wetters	fluthen	windes	ueberschwemmung	regens	regenwetter	blitze	überschwemmungen	nordwind	thau	hochwasser	thauwetter	windstille	schneegestöber	grad_frost	schönes_wetter	klimas	südwind	taue	schnee_gefallen	ostwind	regenzeit	heiterer_himmel	westwind	ueberschwemmungen	schnees	hagelschlag	welter	taikun	schnee_bedeckt	blitzstrahl	schneemassen	kälte_grad	wind_wetter	froste	platzregen	wetter_begünstigt	schneesturm	fröste	frostes	schönsten_wetter	sturmwind	windstoß	nordwind_barometer	nachtfröste	nordwinde	anprall	heftiger_sturm	stur	regengüssen	schlechte_wetter	ungewitter	windhose	gewitterregen	hagelwetter	schneedecke	regenschauer	wolkenbruch	niederschläge	südwestwind	wölkchen	sonnenhitze	nordostwind	külte	klimatischen_verhältnisse	schlossen	schlechten_wetters	donnerschlag	gewölk	nebels	brise	gewitters	flut	südostwind	schneeflocken	westwinde	niederschlag	wirbelwind	schneestürme	nordwestwind	blitzschlag	frostwetter	ostwinde	frühlingswetter	sturms	windrichtung	sommerhitze	südwinde	schneesall	regenwetters	orkane	gewitterwolken	stürm	nachtfrost	regenguß	hochfluth	stnrm	witterungsverhältnisse	gewittern	witter	orkans	schneeverwehungen	hagelkörner	schneetreiben	winterkälte	nebeln	schneewehen	unwetters	regentage	regenschauern	hochwassers	sturmfluth	wolkenbrüche	windstöße	wasserhose	witterungswechsel	tornado	sonnenwärme	wärmegrad	rebel	herbstwetter	sturmwinde	schwemmung	orcan	nordlichter	niederschlägen	nachtfrösten	gewitterwolke	donnerschläge	schneemasse	seewind	schneefälle	fluthwelle	windstillen	nordostwinde	windsbraut	naturereignisse	sommerwetter	regenwolken	strichregen	himmelsstrich	südwestwinde	hagelschauer	landregen	klimate	witterungs	wirbelsturm	taifun	negen	klimaten	südostwinde	frösten	schneemaffen	schneestürmen	schloßen	himmelsstriche	landwind	winterwetter	thauwetters	gewittersturm	sirocco	schwemmungen	regenfall	typhon	witterungsverhältnissen	wetterwolken	schneefalls	flutb	sprühregen	wirbelwinde	schneegestöbers	flnth	hagelschläge	schneefalles	ueberfchwemmung	slurm	blitzschläge	teikun	schneefalle	windstößen	nordwestwinde	seesturm	springfluth	flutben	nordweststurm	stmm	donnerschlägen	wirme	scirocco	schneewetter	wiud	witteruug	schuee	schneesturme	nachtsröste	wolkenschicht	wolkenmassen	herbstregen	naturereignis	hitzegrad	seewinde	clima	nordwindes	wasserfluthen	ueberfchwemmungen	witternng	aalte	sturmfluthen	kahlfrost	fluthcn	hagels	schneesturmes	donnerschlage	cyklon	sturmwetter	mittagshitze	südwest-wind	ueberschwem	weststurm	nordsturm	eturm	südweststurm	staubregen	sehneemassen	regentag	regenperiode	nordwinden	ueberfluthungen	hagelschlossen	sturmwindes	güsse	kältegrade	srurm	ueberschwcmmung	gewölke	welters	schlackerwetter	schneestürm	thauweiter	herbstwitterung	gestöber	aequinoctialstürme	schneefällen	stnrmes	wasserhosen	thauwettcr	hagelsturm	witterungs-verhältnisse	thau-wetter	wolkenbruche	ge-witter	tauwetter	ucberschwemmung	tbauwetter	witterungsverhältniffe	uebcrschwemmung	süd-westwind	hagelstücke	niederschlages	südwindes	platzregens	kältegrad	regengüffe	rordostwind	regenweiter	no.-wind	gewitterstürme	ueberschwemmuugen	gewitterregens	schneetreibens	taikuu	hoch-wasser	ungewitters	polarlichter	reiffrost	ueberschwcmmungen	hochfluthen	westwinden	westwindes	wolkenbrüchen	nebelwolken	frühlingswitterung	maiwetter	west-wind	windstärke	wirbelwindes	hagelschlage	so.-wind
1802	149	10	5	9	4	6	7	5	9	4	3	2	2	5	8	2	8	0	0	3	5	0	8	4	0	4	1	0	0	2	0	0	0	0	1	0	4	0	2	0	2	1	0	0	1	0	0	0	1	0	0	0	0	2	0	0	0	0	0	0	1	3	0	0	0	2	0	0	0	0	0	1	0	0	0	0	0	0	1	0	0	0	0	0	0	0	0	1	0	0	1	0	0	0	0	0	0	0	0	0	0	0	0	1	0	0	0	0	0	0	0	0	0	0	0	0	0	0	0	1	0	0	0	1	0	0	1	0	0	0	0	0	0	0	1	0	0	0	0	0	0	0	0	0	0	0	0	0	0	0	0	0	0	0	0	0	0	0	0	0	0	0	0	0	0	0	0	0	0	0	1	0	0	0	0	0	0	0	0	0	0	0	0	0	0	2	0	0	0	0	0	0	0	0	0	0	0	0	0	0	0	0	0	0	0	0	0	0	0	0	0	0	0	0	0	0	0	0	0	0	0	0	0	0	0	0	0	0	0	0	0	0	0	0	0	0	0	0	0	0	0	0	0	0	0	0	0	0	0	0	0	0	0	0	0	0	0	0	0	0	0	0	0	0	0	0	1	0	0	0	0	0	0	0	0	0	0	0	0	0	0	0	0	0	0	0	0	0	0	0	0	0	0	0	0	0	0	0	0	0	0	0	0	0	0	0	0	0	0	0	0	0	0	0	0	0	0	0	0	0	0	0	0	0
1803	173	8	7	7	10	7	18	15	9	2	7	2	2	4	4	4	8	1	1	6	2	3	4	2	1	1	5	1	0	1	0	0	0	0	0	0	0	0	2	0	1	1	2	0	0	0	0	1	0	0	0	0	2	1	2	0	0	1	0	0	0	2	0	0	0	0	1	0	2	0	0	1	0	0	0	0	0	1	3	0	0	2	0	0	1	0	0	0	0	0	0	0	0	0	0	0	0	0	0	0	0	0	0	0	0	0	0	0	0	0	0	0	0	0	0	0	0	0	0	0	0	0	0	0	0	0	0	1	0	0	0	0	2	0	0	0	0	0	0	0	0	0	0	0	0	0	0	0	0	0	0	0	0	0	0	0	0	0	0	0	0	0	0	0	0	0	0	0	0	0	0	0	0	1	0	0	0	0	0	0	0	0	0	0	0	0	0	0	0	0	0	0	0	0	0	0	0	0	0	0	0	0	0	0	0	0	0	0	0	0	0	0	0	0	0	0	0	0	0	0	0	0	0	0	0	0	0	0	0	0	0	0	0	0	0	0	0	0	0	0	0	0	0	0	0	0	0	0	0	0	0	0	0	0	0	0	0	0	0	0	0	0	0	0	0	0	0	0	0	0	0	0	0	0	0	0	0	0	0	0	0	0	0	0	0	0	0	0	0	0	0	0	0	0	0	0	1	0	0	0	0	0	0	0	0	0	0	0	0	0	0	0	0	0	0	0	0	0	0	0	0	0	0	0
1804	251	21	10	10	22	1	18	7	14	3	13	0	2	2	1	8	7	1	0	15	0	1	2	5	1	13	1	0	0	2	1	0	2	1	2	0	1	0	2	0	1	2	0	3	2	1	0	1	4	0	0	1	1	0	1	0	1	0	0	0	3	0	2	0	0	0	1	0	1	0	0	0	0	0	0	0	1	0	2	0	0	2	0	2	1	1	0	0	0	0	0	0	0	0	0	0	0	0	0	0	0	0	0	0	0	0	0	0	1	0	1	1	0	0	0	0	0	0	1	0	1	0	0	0	0	2	0	0	1	0	0	0	2	0	3	0	1	0	0	0	0	0	0	0	0	0	0	0	2	3	0	0	0	1	0	0	0	0	0	0	2	0	0	0	1	0	0	0	0	1	0	0	0	0	0	0	0	0	0	0	0	0	0	0	0	0	0	0	0	0	0	0	1	0	0	0	0	0	0	0	0	0	0	0	0	0	0	0	0	0	0	0	0	0	0	0	0	0	0	0	0	1	0	0	0	0	0	0	0	0	0	0	0	0	0	0	0	0	0	0	0	0	0	0	0	0	0	0	0	0	0	0	0	0	0	0	0	0	0	0	0	0	0	0	0	0	0	0	0	0	1	0	0	0	0	0	0	0	0	0	0	0	0	0	0	0	0	0	0	0	0	0	0	0	0	0	0	0	0	0	0	0	0	0	0	0	0	0	0	0	0	0	0	0	0	0	0	0	0	1	0	0	0	0
1805	149	8	7	5	12	4	18	8	5	1	17	1	1	0	0	7	0	0	0	6	0	0	2	4	2	3	4	0	0	3	0	0	2	0	1	0	2	0	1	0	2	0	0	1	0	1	0	0	0	1	0	0	0	0	2	0	0	0	0	0	0	1	0	0	0	1	0	0	1	0	0	1	0	0	0	0	0	0	0	0	0	0	0	0	0	1	0	1	0	0	0	0	0	0	0	0	0	0	0	0	0	1	0	0	0	2	0	0	0	1	0	0	0	0	0	0	0	0	1	1	2	0	0	0	0	0	0	0	0	0	0	0	0	0	0	0	0	0	0	0	0	0	0	0	0	0	0	0	0	0	0	0	0	0	0	0	0	0	0	0	0	0	0	0	0	0	0	0	0	0	0	0	0	0	0	0	0	0	0	0	0	0	0	0	1	0	0	0	0	0	0	0	0	0	0	0	0	0	0	0	0	0	0	0	0	0	0	0	0	0	0	0	0	0	0	0	0	0	0	0	0	0	0	1	0	0	0	1	0	0	0	0	0	0	0	0	0	0	0	0	0	0	0	0	0	0	0	0	0	0	0	0	0	0	0	0	0	0	0	0	0	0	0	0	0	0	0	0	0	0	0	0	0	0	0	0	0	0	0	0	0	0	0	0	0	0	0	1	0	0	0	0	0	0	0	0	0	0	0	0	0	0	0	0	0	0	0	0	0	0	0	0	0	0	0	0	0	0	0	0	0	0	0	0
1806	131	16	6	4	10	2	15	0	3	1	14	3	1	7	4	1	3	0	0	0	1	1	4	4	0	5	2	0	0	1	0	0	1	0	0	0	0	0	0	0	1	2	1	0	0	0	0	0	1	0	0	0	0	0	0	0	2	0	0	0	0	0	0	1	0	0	0	0	0	0	1	1	0	0	0	0	0	0	4	0	0	1	0	0	0	0	0	1	0	0	0	0	0	0	0	0	0	0	0	0	0	0	0	0	0	1	0	0	0	0	0	0	0	0	0	0	0	0	0	0	0	0	0	0	0	0	0	0	0	0	0	0	0	0	0	0	1	0	0	0	0	0	0	0	0	0	0	0	0	0	0	0	0	0	0	0	0	0	0	0	0	0	0	0	1	0	0	0	0	0	0	0	0	0	0	0	0	0	0	0	0	0	0	0	0	0	0	0	0	0	0	0	0	0	0	0	0	0	0	1	0	0	0	0	0	0	0	0	0	0	0	0	0	0	0	0	0	0	0	0	0	0	0	0	0	0	0	0	0	0	0	0	0	0	0	0	0	0	0	0	0	0	0	0	0	0	0	0	0	0	0	0	0	0	0	0	0	0	0	0	0	0	0	0	0	1	0	0	1	0	0	0	0	0	0	0	0	0	0	0	0	0	0	0	0	0	0	0	0	0	0	0	0	0	0	0	0	0	0	0	0	0	0	0	0	0	0	0	0	0	0	0	0	0	0	0	0	0	0	0	0	0	0	0
1807	100	17	3	3	9	4	5	3	4	0	10	0	2	1	0	2	4	0	1	2	0	0	0	2	0	3	0	0	0	0	0	0	0	0	0	0	1	0	1	0	0	0	0	0	1	0	0	0	4	2	0	0	0	0	0	0	0	0	0	0	0	0	0	2	0	1	0	0	0	1	0	0	0	0	0	0	0	1	0	0	0	1	0	0	1	0	0	1	0	1	0	0	0	0	0	0	0	0	0	0	0	0	0	0	0	1	0	0	1	0	0	0	0	0	0	0	0	0	0	0	0	0	0	0	0	0	0	0	0	0	1	0	0	0	0	0	0	0	0	0	0	0	0	0	0	0	0	0	0	0	0	0	0	0	0	0	0	0	0	0	0	0	0	0	0	0	0	0	0	0	0	0	0	0	0	0	0	0	0	0	0	0	0	0	0	0	0	0	0	0	0	0	0	0	0	0	0	0	0	0	0	0	0	0	0	0	0	0	0	0	0	1	0	0	0	0	0	0	0	0	0	0	0	0	0	0	0	0	0	0	0	0	0	0	0	0	0	0	0	0	0	0	0	0	0	0	1	0	0	0	0	0	0	0	0	0	0	0	0	0	0	0	0	0	0	0	0	0	1	0	0	0	0	0	0	0	0	0	0	0	0	1	0	0	0	0	0	0	0	0	0	0	0	0	0	0	0	0	0	0	0	0	0	0	0	0	0	0	0	0	0	0	0	0	0	0	0	0	0	0	0	0	0	0
1808	173	15	2	10	12	8	18	7	16	1	7	2	1	4	3	9	3	0	1	1	0	3	3	2	0	2	1	0	0	0	0	1	0	1	4	0	0	1	4	0	0	1	1	0	1	0	0	0	0	1	0	0	0	0	0	0	0	0	0	0	0	2	0	1	0	1	1	0	1	0	2	0	0	0	1	0	0	0	1	0	0	0	0	1	0	0	0	2	0	0	0	0	0	1	0	0	0	0	1	0	0	1	0	0	0	0	0	0	0	0	0	0	0	0	0	0	0	0	0	0	4	0	0	0	0	0	0	0	0	0	0	0	0	0	0	0	0	0	0	0	0	0	0	0	0	0	0	1	0	0	0	0	0	0	0	0	0	0	0	0	0	0	0	0	0	0	0	0	0	0	0	0	0	0	0	0	2	0	0	0	0	0	0	0	0	0	0	0	0	0	0	0	1	0	0	0	0	0	0	0	0	0	0	0	0	0	0	0	0	0	0	0	0	0	0	0	0	0	0	0	0	0	1	0	0	0	0	0	0	0	0	0	0	0	0	0	0	0	0	0	0	0	0	0	0	0	0	0	0	0	0	0	0	0	0	0	0	0	0	0	0	0	0	0	0	0	0	0	0	0	0	0	0	0	0	0	0	0	0	1	0	0	0	0	0	0	0	0	0	0	0	0	0	0	0	0	0	0	0	0	0	0	0	0	0	0	0	0	0	0	0	0	0	0	0	0	0	1	0	0	0	0	0	0
1809	141	16	6	14	3	11	4	8	6	3	5	5	4	3	6	0	1	0	0	1	0	2	2	1	0	0	0	0	0	0	0	0	0	0	1	0	1	0	1	0	0	0	0	0	0	0	0	2	1	1	0	0	0	0	2	1	1	0	0	2	1	2	0	0	0	1	0	1	3	0	0	0	1	0	2	0	0	1	2	0	0	0	0	2	0	0	0	1	0	0	0	0	0	1	0	0	0	0	1	0	0	1	0	0	0	0	0	1	0	0	0	0	0	0	0	0	0	0	0	0	1	0	0	0	0	0	0	0	2	0	1	0	0	0	0	0	0	0	0	0	0	0	0	0	0	0	0	0	0	0	0	0	0	0	0	0	0	0	0	0	0	0	0	0	0	0	0	0	0	0	0	0	0	0	0	0	1	0	0	0	0	0	0	0	0	0	0	0	0	0	1	0	0	0	0	0	0	0	0	0	0	0	0	0	0	0	0	0	0	0	0	0	0	0	0	0	0	0	0	0	0	0	0	0	0	0	0	0	0	0	0	0	0	0	0	0	0	0	0	0	0	0	0	0	0	0	0	0	0	0	0	0	0	0	0	0	0	0	0	0	0	0	0	0	0	0	0	0	0	0	0	0	0	0	0	0	0	0	0	0	0	0	0	0	0	0	0	0	0	0	0	0	0	0	0	0	0	0	0	0	0	0	0	0	0	0	0	0	0	0	0	0	0	0	0	0	0	0	0	0	0	0	0	0
1810	300	24	18	12	7	24	17	10	9	5	11	4	2	12	10	8	2	1	2	6	1	4	4	3	0	4	3	0	0	0	1	0	3	0	2	1	0	2	2	2	1	1	2	2	0	1	0	5	5	2	0	0	2	2	0	1	0	0	0	0	1	1	0	1	0	3	1	1	3	0	1	1	0	0	5	2	0	0	0	0	0	2	0	2	1	0	0	1	0	0	1	0	0	6	0	0	0	2	0	0	0	1	0	0	1	0	0	0	0	0	1	0	0	0	0	0	0	0	1	1	0	0	0	1	0	0	0	0	0	0	1	0	0	0	1	0	0	0	0	0	1	0	0	0	0	0	0	0	0	0	0	0	0	0	0	0	0	2	0	0	0	0	0	0	1	0	0	0	0	0	1	0	1	0	0	0	0	0	0	0	0	0	0	0	0	0	0	0	0	0	0	1	0	0	0	0	0	0	0	0	0	0	0	0	0	0	0	0	0	0	1	0	0	0	0	0	0	0	0	0	0	0	0	0	0	0	0	0	0	0	0	0	0	0	0	0	0	0	0	0	0	0	0	0	0	0	0	0	1	0	0	0	0	0	0	0	0	0	0	0	0	0	0	0	1	0	0	0	1	0	0	0	0	0	0	2	0	0	0	0	0	2	0	0	1	0	0	0	0	0	0	0	0	0	0	0	0	0	0	0	0	0	0	0	0	0	0	0	0	0	0	0	0	0	0	0	0	1	0	0	0	0	0	0
1811	276	40	15	11	16	5	14	4	14	2	7	5	1	7	15	4	5	0	0	5	5	1	9	3	2	6	1	1	0	2	1	1	1	0	2	0	0	0	2	2	0	1	2	1	0	0	0	0	0	2	0	0	3	1	1	0	3	0	0	0	0	1	3	0	0	1	3	0	0	0	1	1	0	0	1	0	0	0	0	0	1	0	0	1	0	0	0	0	1	0	2	0	0	2	0	0	1	0	0	0	0	1	0	0	0	0	0	1	0	0	0	1	0	3	0	0	0	0	0	1	7	0	0	0	0	0	0	1	1	0	0	0	0	0	0	1	0	0	0	0	0	0	0	0	0	0	0	0	0	0	3	0	0	0	0	0	0	1	0	1	0	0	0	0	2	0	0	0	0	0	0	0	0	0	0	0	0	0	1	0	0	0	0	0	0	0	0	1	0	0	0	0	0	0	0	0	0	0	0	0	0	0	0	0	0	3	0	0	0	0	0	0	0	0	0	0	0	0	0	0	0	0	0	0	0	0	0	0	0	0	0	0	0	0	0	0	0	0	0	0	0	0	0	0	0	0	0	0	2	0	1	0	0	0	0	0	0	0	0	0	0	0	0	0	0	1	0	0	0	0	0	0	0	0	0	0	0	0	0	0	0	0	0	0	0	0	0	0	0	0	0	0	0	0	0	0	0	0	0	0	0	0	0	0	0	0	0	0	0	0	0	0	0	0	0	0	0	1	0	0	0	0	0	0
1812	199	26	12	17	13	7	3	16	7	2	2	8	6	3	6	8	2	1	0	0	0	1	0	3	1	1	0	0	0	0	0	0	1	0	0	0	1	2	1	0	2	0	3	0	0	0	0	3	0	2	0	0	2	0	1	4	0	0	0	0	1	1	0	0	0	4	1	0	1	0	0	1	0	0	2	0	0	0	2	0	0	0	0	1	0	0	0	5	0	0	0	0	0	0	0	0	0	0	0	0	0	1	1	1	0	1	0	0	0	0	0	0	0	0	0	0	0	0	0	0	2	0	0	2	0	0	0	1	0	0	0	0	0	0	0	0	0	0	0	0	0	0	0	0	0	0	0	0	0	0	0	0	0	0	0	0	0	0	0	0	0	0	0	0	0	0	0	0	0	0	0	0	0	0	0	0	0	0	0	0	0	0	0	0	0	0	0	1	0	0	0	0	0	0	0	0	0	0	0	0	0	0	0	0	0	0	0	0	0	0	1	0	0	0	0	0	0	0	0	0	0	1	0	0	0	0	0	0	0	0	0	0	0	0	0	0	0	0	0	0	0	0	0	0	0	0	0	0	0	0	0	0	0	0	0	0	0	0	0	0	0	0	1	0	0	0	0	0	0	0	0	0	0	0	0	0	0	0	0	0	0	0	0	0	0	0	0	0	0	0	0	0	0	0	0	0	0	0	0	0	0	0	0	0	0	0	0	0	0	0	0	0	0	0	0	0	0	0	0	0	0	0	0	0
1813	175	52	9	9	5	6	5	12	4	1	4	1	2	3	4	4	0	0	3	1	1	4	1	4	0	0	0	0	0	3	4	0	0	0	4	0	0	0	2	1	0	1	0	3	0	0	0	2	0	1	0	0	0	0	0	0	1	0	0	0	0	0	0	0	0	0	0	0	0	0	1	1	1	0	0	2	0	0	0	0	0	0	0	0	0	0	1	1	0	0	0	0	0	0	0	0	1	0	0	0	0	0	0	0	0	0	0	0	1	1	0	0	0	0	0	0	0	0	0	1	1	0	0	0	0	1	0	0	0	0	0	0	0	0	0	0	0	0	0	0	0	0	0	0	0	0	0	0	0	0	0	0	0	0	0	0	0	0	0	0	0	0	0	2	0	0	0	0	0	0	0	0	0	0	0	0	0	0	0	2	0	0	0	0	0	0	0	0	0	0	0	0	0	0	0	0	0	0	0	0	0	0	0	0	0	0	0	0	0	0	0	0	0	0	0	0	0	0	0	0	0	0	0	0	0	0	0	0	0	0	0	0	0	0	0	0	0	0	0	0	0	0	0	0	0	0	0	0	0	0	0	0	0	0	0	0	0	0	0	0	0	0	0	0	0	0	0	0	0	0	0	0	0	0	0	0	0	0	0	0	0	0	0	0	0	1	0	0	0	0	0	0	0	0	0	0	0	0	0	0	0	0	0	0	0	0	0	0	0	0	0	0	0	0	0	0	0	0	0	0	0	0	0	0
1814	80	17	6	4	6	4	2	1	0	1	2	1	3	0	1	4	3	0	0	2	1	0	1	1	0	3	0	0	0	0	1	0	0	0	0	1	0	0	0	0	0	0	0	0	1	0	0	0	0	0	0	0	1	0	0	1	0	0	0	0	0	1	0	1	0	1	0	0	0	0	0	0	1	0	0	0	0	0	0	0	0	0	0	1	0	0	0	0	0	0	0	0	0	0	0	0	1	0	0	0	0	0	0	0	0	1	0	0	1	0	0	0	0	0	0	0	0	0	1	0	1	0	0	0	0	0	0	0	0	0	0	0	0	0	0	0	0	0	0	0	0	2	0	0	0	0	0	0	0	0	0	0	0	0	0	0	0	0	0	0	0	0	0	0	0	0	0	0	0	0	0	0	0	0	0	0	0	0	0	0	0	0	0	0	0	0	0	0	0	0	0	0	0	0	0	0	0	0	0	0	0	0	0	0	0	0	0	0	0	0	0	0	0	0	0	0	0	0	0	0	0	0	0	0	0	0	0	0	0	0	0	0	0	0	0	0	0	0	0	0	0	0	0	0	0	0	0	0	0	0	0	0	0	0	0	0	0	0	0	0	0	0	0	0	0	0	0	0	0	0	0	0	0	0	0	0	0	0	0	0	0	0	0	0	0	0	0	0	0	0	0	0	0	0	0	0	0	0	0	0	0	0	0	0	0	0	0	0	0	0	0	0	0	0	0	0	0	0	0	0	0	0	0	0
1815	86	22	7	2	2	1	3	1	1	0	1	1	0	4	7	1	3	0	1	1	1	0	2	0	0	2	0	0	0	0	0	0	1	0	0	0	0	1	0	1	1	2	0	0	0	0	0	0	3	0	0	0	0	0	0	0	0	1	0	0	1	0	0	0	0	0	3	0	0	0	0	0	0	0	0	0	0	0	0	0	0	0	0	1	1	0	0	1	0	0	1	0	0	0	0	0	0	0	0	0	0	0	0	2	0	0	0	0	0	0	0	0	0	0	0	0	0	0	0	0	2	0	0	0	0	0	0	0	0	0	0	0	0	0	0	0	0	0	0	0	0	0	0	0	0	0	0	0	0	0	0	0	0	0	0	0	0	0	0	0	0	0	0	0	0	0	0	0	0	0	0	0	0	0	0	0	0	0	0	0	0	0	0	0	0	0	0	0	0	0	0	0	0	0	0	0	0	0	0	0	0	0	0	0	0	1	0	0	0	0	0	0	0	0	0	0	0	0	0	0	0	0	0	0	0	0	0	0	0	0	0	0	0	0	0	0	0	0	0	0	0	0	0	0	0	0	0	0	0	0	0	0	0	0	0	0	0	0	0	0	0	0	0	0	0	0	0	0	0	0	0	0	0	0	0	0	0	0	0	0	0	0	0	0	0	0	0	0	0	0	0	0	0	0	0	0	0	0	0	0	0	0	0	0	0	0	0	0	0	0	0	0	0	0	0	0	0	0	0	0	0	0	0	0
1816	115	10	14	8	9	6	5	3	7	1	3	3	2	1	2	0	1	0	0	3	0	0	3	5	0	0	2	0	0	0	0	0	0	0	1	1	1	0	0	1	2	0	0	0	0	0	0	0	0	0	0	0	0	0	0	1	0	1	0	1	0	0	0	0	0	0	0	1	0	0	0	0	0	1	0	0	0	0	1	0	1	0	0	0	0	0	0	1	0	0	0	0	1	1	0	0	0	0	1	0	0	0	1	1	0	0	0	0	0	0	0	0	0	0	0	0	0	0	0	0	0	0	1	0	0	0	0	0	0	0	0	0	0	0	0	0	0	0	0	0	0	0	0	0	1	0	0	0	1	1	0	0	0	1	0	0	0	0	0	0	0	0	0	0	0	0	0	0	0	0	0	0	0	0	0	0	0	0	0	0	0	0	0	0	0	0	0	0	0	0	0	0	0	0	0	0	0	0	0	0	0	0	0	0	0	0	1	0	0	0	0	0	0	0	0	0	0	0	0	0	0	0	0	0	0	0	0	0	0	0	0	0	0	0	0	0	0	0	0	0	0	0	0	0	0	0	0	0	0	0	0	0	0	0	0	0	0	0	0	0	0	0	0	0	0	0	0	0	0	0	0	0	0	0	0	0	0	0	0	0	0	0	0	0	0	1	0	0	1	0	0	0	0	0	0	0	0	0	0	0	0	0	0	0	0	0	0	0	0	0	0	0	0	0	0	0	0	0	0	0	0	0	0	0
1817	141	13	15	2	9	9	4	5	5	6	2	2	2	4	1	3	2	0	1	4	3	4	5	2	0	3	0	0	0	0	0	0	1	0	1	0	0	0	2	1	0	3	0	0	1	0	0	0	0	1	0	0	0	0	0	0	1	0	0	0	2	3	1	0	0	0	0	0	0	0	1	0	0	0	0	0	0	0	1	0	1	0	0	0	1	0	0	0	0	0	0	0	0	0	0	0	0	0	1	0	0	1	0	0	1	1	0	0	0	0	0	0	1	0	0	0	0	0	0	0	1	0	0	0	0	1	0	0	0	0	0	0	0	0	0	0	0	0	0	0	0	0	0	0	0	0	0	0	0	0	1	0	0	0	0	0	0	0	0	0	0	0	0	0	0	0	0	0	0	0	0	0	1	0	0	0	0	0	0	0	0	0	0	0	0	0	0	1	0	0	0	0	0	0	0	0	0	0	0	0	0	0	0	0	0	0	0	0	0	0	0	0	0	0	0	0	0	0	0	0	0	0	0	0	0	0	0	0	0	0	0	0	0	0	0	0	0	0	0	0	0	0	0	0	0	0	0	0	0	0	0	0	0	0	0	0	0	0	0	0	0	0	0	0	0	1	0	0	2	0	0	0	0	0	0	0	0	0	0	0	0	0	0	0	0	0	0	0	0	0	0	0	0	0	0	0	0	0	0	0	0	0	0	0	0	0	0	0	1	0	0	0	0	0	0	0	0	0	0	0	0	0	0	0
1818	140	10	5	5	6	8	7	1	7	3	2	4	3	1	9	1	1	0	2	4	3	1	1	1	0	7	0	0	0	1	0	0	1	0	1	0	0	0	1	1	0	0	4	0	1	0	0	1	3	0	0	0	0	0	0	0	1	0	0	0	0	1	0	0	0	2	0	1	0	0	0	1	0	0	0	0	0	0	1	0	1	0	0	1	0	1	0	0	3	1	1	0	0	1	0	0	0	0	0	0	0	0	0	0	0	0	0	0	0	0	0	1	1	0	0	0	0	1	1	1	0	0	0	0	0	1	1	0	1	0	0	0	0	0	0	1	1	0	0	0	0	0	0	0	0	0	0	0	0	0	1	0	0	0	0	0	0	1	0	0	0	0	0	0	0	0	0	0	0	0	0	0	0	0	0	0	0	0	0	0	0	0	0	0	1	0	0	0	0	0	0	0	1	0	0	0	0	0	0	1	0	0	0	0	0	0	0	0	0	0	0	0	0	0	0	0	0	0	0	0	0	0	0	0	0	0	0	0	0	0	0	0	0	0	0	0	0	0	0	0	0	0	0	0	0	0	1	0	0	0	0	0	0	0	0	0	0	0	0	0	0	0	0	0	0	0	0	0	0	0	0	0	0	0	0	0	0	0	0	0	0	0	0	0	0	0	0	0	0	0	0	0	0	0	0	0	1	0	0	0	0	0	0	0	0	0	0	0	0	0	0	0	0	0	0	0	0	1	0	0	0	0	0	0
1819	132	18	10	6	6	6	6	2	3	2	8	2	1	5	8	3	0	0	1	0	2	3	2	1	0	5	0	0	0	0	0	2	1	0	1	0	0	0	2	0	1	1	0	0	0	0	0	0	1	0	0	0	0	0	0	0	1	0	0	0	0	0	0	0	0	0	0	0	0	1	0	2	0	0	0	0	0	0	0	0	1	0	0	0	0	0	1	1	0	0	1	0	0	3	0	0	0	0	0	0	0	1	0	0	0	0	0	0	0	0	0	1	0	1	0	0	0	0	0	0	1	0	0	0	0	0	0	0	0	0	0	0	0	0	0	0	1	0	0	0	0	0	0	0	0	0	0	0	0	0	0	0	0	0	1	0	0	0	1	0	0	0	0	0	0	0	0	0	0	0	0	1	0	1	0	0	0	0	0	0	0	0	0	0	0	0	0	0	0	0	0	0	0	0	0	0	0	0	0	0	0	0	0	1	0	0	0	0	0	0	0	0	0	0	0	0	0	0	0	0	0	0	0	0	0	0	0	0	0	0	0	0	0	0	0	0	0	0	0	0	0	0	0	0	0	0	1	0	0	0	0	0	0	0	0	0	0	0	0	0	0	0	0	0	0	0	0	0	0	0	1	0	0	0	0	0	0	0	0	0	0	0	0	0	0	0	0	0	0	0	0	0	0	0	0	0	0	0	0	0	0	0	0	0	0	0	0	0	0	0	0	0	0	0	0	0	0	0	0	0	0	0	0	0
1820	103	8	6	3	3	14	1	5	7	0	1	2	5	0	2	0	1	0	1	2	1	3	2	1	0	3	0	0	0	0	2	0	1	0	1	0	0	0	0	1	0	1	0	2	1	0	0	1	2	2	0	0	1	0	0	1	0	0	0	0	0	1	0	0	0	0	0	0	0	3	0	0	0	0	0	1	0	1	2	0	0	1	0	0	0	0	0	1	0	0	0	0	0	0	0	0	0	0	0	0	0	0	0	0	0	1	0	0	0	0	0	0	0	0	0	0	0	0	0	0	0	0	0	0	0	0	1	0	0	0	0	0	1	0	0	0	0	0	0	0	0	0	0	0	0	0	0	0	0	0	0	0	0	0	0	0	0	0	0	0	0	0	0	0	0	0	0	0	0	0	0	0	0	0	0	0	0	0	0	0	0	0	0	0	0	0	0	0	0	0	0	0	0	0	0	0	0	0	0	0	0	0	0	0	0	0	0	0	0	0	0	0	0	0	0	0	0	0	0	0	0	0	1	0	0	0	0	0	0	0	0	0	0	0	0	0	0	0	0	0	1	0	0	0	0	0	0	0	0	0	0	0	0	0	0	0	0	0	0	0	0	0	0	0	0	0	0	0	0	0	0	0	0	0	0	0	0	0	0	0	0	0	0	0	0	0	0	0	0	0	0	0	0	0	0	0	0	0	0	0	0	0	0	0	0	0	0	0	1	0	0	0	0	0	0	0	0	0	0	0	0	0	0	0
1821	111	20	9	2	2	4	7	2	3	5	8	2	0	2	1	0	0	0	1	0	1	2	1	1	0	1	0	0	0	1	1	0	0	0	0	0	0	0	3	1	1	0	0	1	1	0	0	1	0	0	0	0	0	0	0	0	0	0	0	0	0	0	0	0	0	0	0	0	0	3	0	2	0	0	0	0	0	1	0	0	0	0	0	1	2	1	1	0	0	1	1	0	0	0	0	0	0	0	0	0	0	0	0	0	0	0	0	0	0	0	0	0	0	0	0	0	0	0	0	0	5	0	0	1	0	1	0	0	0	0	0	0	0	0	0	0	0	0	0	0	0	0	0	0	0	0	0	0	0	0	0	0	0	0	0	0	0	2	0	0	0	0	0	0	0	0	0	0	0	0	0	0	0	0	0	0	1	0	0	0	0	1	0	0	0	0	0	0	0	0	0	0	0	0	0	0	0	0	0	0	0	0	0	0	0	0	0	0	0	0	0	0	0	0	0	0	0	0	0	0	0	0	0	0	0	0	0	0	0	0	0	0	0	0	0	0	0	0	0	0	0	0	0	0	0	0	0	0	0	0	0	0	0	0	0	0	0	0	0	0	0	0	0	0	1	0	0	0	1	0	0	0	0	0	0	0	0	0	0	0	0	0	0	0	0	0	0	0	0	0	0	0	0	0	0	1	0	0	0	0	0	0	0	0	0	0	0	0	0	0	0	0	0	0	0	0	0	0	0	0	0	0	0	0
1822	121	28	2	3	3	3	10	5	2	2	7	1	0	1	4	1	1	1	5	4	1	1	4	4	0	2	2	1	0	1	1	0	0	0	0	1	0	0	1	1	0	0	1	0	0	0	0	0	2	0	0	0	0	0	1	0	0	0	0	0	0	1	0	0	0	2	1	0	0	0	0	0	0	0	0	0	0	0	1	0	1	0	0	0	0	0	0	0	0	0	0	0	0	0	0	0	0	0	0	0	0	0	0	0	0	0	0	0	0	0	0	0	0	1	0	0	0	0	0	0	0	0	0	0	0	0	0	0	1	0	1	0	0	0	0	0	2	0	0	0	0	0	0	0	0	0	0	0	0	0	0	0	0	0	0	0	0	0	0	0	0	0	0	0	0	0	0	0	0	0	0	0	0	0	0	0	0	0	0	0	0	0	0	0	0	0	0	0	0	0	0	0	0	0	0	1	0	0	0	0	0	0	0	1	0	0	0	0	0	0	1	0	0	0	0	0	0	0	0	0	0	0	0	0	0	0	0	0	0	0	0	0	0	0	0	0	0	0	0	0	0	0	0	0	0	0	0	0	0	0	0	0	0	0	0	0	0	0	0	0	0	0	0	0	0	0	0	0	0	0	0	0	0	0	0	0	0	0	0	0	0	0	0	0	0	0	0	0	0	0	0	0	0	0	0	0	0	0	0	0	0	0	0	0	0	0	0	0	0	0	0	0	0	0	0	0	0	0	0	0	0	0	0	0
1823	107	17	4	3	2	8	7	7	4	1	3	2	0	2	0	2	0	0	0	4	0	0	1	3	0	0	0	0	0	0	0	1	4	0	0	1	0	3	1	1	0	0	0	0	1	0	0	0	0	0	0	0	1	2	1	3	0	0	0	0	0	0	0	0	0	1	0	1	1	2	0	1	0	0	0	0	0	0	1	0	0	0	0	0	0	0	0	0	0	0	0	0	1	0	0	0	0	0	0	0	0	0	0	1	0	0	0	0	0	0	0	1	0	0	0	0	0	0	0	1	0	0	0	0	0	0	0	0	0	0	0	0	0	0	0	0	0	0	0	0	0	0	0	0	0	0	0	0	0	0	0	0	0	0	0	0	0	1	0	0	0	0	0	0	0	0	0	0	0	0	0	0	0	0	0	0	0	2	0	0	0	0	0	0	0	0	0	0	0	0	0	0	0	0	1	0	1	0	0	0	0	0	0	0	0	0	0	0	0	0	0	0	0	0	0	0	0	0	0	0	0	0	0	0	0	0	0	0	0	0	0	0	0	0	0	0	0	0	0	0	0	0	0	0	0	0	0	0	0	0	0	0	0	1	0	0	0	0	0	0	0	0	0	0	0	0	0	0	0	0	0	0	0	0	0	0	0	0	0	0	0	0	0	0	0	0	1	0	0	0	0	0	0	0	0	0	0	0	0	0	0	0	0	0	0	0	0	0	0	0	0	0	0	0	0	0	0	0	0	0	0	0	0	0
1824	135	23	7	3	1	2	6	2	4	0	3	4	0	5	4	0	1	0	2	5	3	2	7	2	0	2	2	1	0	0	1	0	0	0	2	0	0	4	1	4	1	0	1	0	0	0	0	0	1	0	0	0	0	0	5	0	0	0	0	0	0	0	0	1	0	0	0	0	0	0	0	1	0	0	0	0	0	0	0	0	0	0	0	2	1	2	0	0	0	0	1	0	0	0	0	0	0	0	0	0	0	0	0	1	0	0	0	0	0	0	0	0	0	0	0	0	0	0	0	0	1	0	0	0	0	0	1	1	0	0	2	0	0	0	0	1	0	0	0	0	0	0	0	0	0	0	0	1	0	0	0	0	0	0	0	0	0	2	0	0	0	0	0	0	0	1	1	0	0	0	0	0	0	0	0	0	1	0	0	0	0	0	0	0	0	0	0	0	0	0	0	0	0	0	0	0	0	0	0	0	0	0	0	0	0	0	0	0	0	0	1	0	0	0	0	0	0	0	0	0	0	0	0	0	0	0	0	0	0	0	0	0	0	0	0	0	0	0	0	0	0	0	0	0	0	0	0	0	0	0	0	0	0	1	0	0	0	0	0	0	0	0	0	0	0	0	0	0	0	0	0	0	0	0	0	0	0	0	0	0	1	0	0	0	0	0	0	0	0	0	0	0	0	0	0	0	0	0	0	0	0	0	0	0	0	0	0	0	0	0	0	0	0	0	0	0	0	0	0	0	0	0	0	0
1825	247	42	8	2	7	14	9	2	10	1	5	4	3	3	6	3	3	0	13	9	7	4	3	6	2	5	1	0	0	5	1	0	1	1	3	0	1	1	3	5	0	0	2	1	0	0	1	0	1	1	0	0	0	0	1	0	1	2	0	0	3	1	0	1	0	0	1	0	1	0	0	0	3	0	0	0	0	1	0	0	0	0	0	2	0	2	0	1	0	0	1	1	1	1	0	0	0	0	1	0	0	0	0	1	0	0	0	0	0	0	0	0	0	0	0	0	0	0	0	0	5	0	0	0	0	0	3	0	1	0	0	0	0	0	0	0	1	0	0	0	0	0	0	0	0	0	0	0	0	0	0	0	0	0	0	0	0	0	1	0	1	0	0	0	0	0	0	0	0	0	1	0	0	0	0	0	1	0	0	0	0	0	0	0	0	0	0	0	0	0	0	0	0	0	0	0	0	0	0	0	0	0	0	0	0	0	1	0	0	0	0	0	0	0	0	0	1	0	0	0	0	0	0	0	0	1	0	0	0	0	0	0	0	0	0	0	0	0	0	0	0	0	0	1	0	0	0	0	0	0	0	0	0	1	0	0	0	0	0	0	0	0	0	0	0	0	0	0	1	2	0	0	0	0	0	0	0	0	0	0	0	0	0	0	0	0	0	0	0	0	0	0	0	0	0	0	0	0	0	0	0	0	0	0	0	0	0	0	0	0	0	0	0	0	0	0	0	0	0	0	0	0	0	0
1826	264	23	14	8	5	13	14	7	18	4	11	8	7	6	14	1	2	0	1	6	10	2	5	4	0	2	1	1	0	3	0	0	5	0	2	1	2	0	5	1	0	1	1	4	0	1	0	1	4	0	0	0	2	0	2	2	1	2	0	0	0	1	1	0	0	4	0	0	0	1	0	0	0	1	0	0	0	0	1	0	1	3	0	2	0	0	0	1	2	0	1	0	1	1	0	0	0	0	0	0	0	1	0	0	0	0	0	0	0	0	0	0	0	0	0	0	0	0	0	0	0	0	1	0	0	0	0	2	0	0	0	0	0	0	0	1	0	0	0	0	1	0	0	0	0	0	0	0	0	0	0	0	0	0	0	0	0	0	0	0	0	0	0	0	0	1	0	0	0	0	0	0	0	0	0	0	0	0	0	0	0	0	0	0	0	0	0	0	0	0	0	0	0	0	0	0	0	1	0	0	0	0	0	0	0	0	0	0	0	0	0	1	0	0	0	0	0	0	0	0	0	0	0	0	0	0	0	0	0	0	0	0	0	0	0	0	1	0	0	0	0	0	0	0	0	0	0	0	2	0	0	0	0	0	0	0	1	0	0	0	0	0	0	0	0	0	0	0	0	0	0	0	0	0	0	0	0	0	0	0	0	0	0	0	0	1	0	0	0	0	0	0	0	0	0	0	0	0	0	0	0	0	0	1	0	0	0	0	1	0	0	0	0	0	0	0	0	0	0	0	0	0	0	0
1827	555	39	29	27	28	80	29	22	20	3	16	2	15	10	10	3	10	2	8	7	5	6	14	1	2	4	3	5	0	4	2	1	5	0	4	2	1	3	3	1	0	3	3	2	2	2	0	6	2	8	0	1	1	1	2	7	2	0	0	0	5	10	1	1	0	3	1	1	1	2	0	1	0	0	0	2	0	0	0	0	3	0	0	4	2	1	0	2	0	0	2	0	0	4	0	0	1	0	0	0	0	0	0	0	1	1	0	0	1	0	1	0	0	0	0	1	0	0	2	0	1	0	0	0	0	0	0	1	1	4	0	0	0	0	1	0	0	0	0	0	0	0	0	0	0	0	0	0	0	1	2	0	0	0	1	0	0	0	0	0	1	0	0	0	0	1	0	0	0	0	1	0	0	0	0	0	1	0	0	0	0	0	0	0	0	0	0	0	0	0	0	0	0	0	0	0	0	1	0	0	0	0	0	0	0	0	0	1	0	0	0	0	0	0	0	0	0	1	0	0	0	0	1	0	0	0	0	0	0	0	0	0	0	1	0	0	1	0	0	0	0	0	0	0	0	0	1	0	0	0	0	0	2	1	0	0	0	0	0	0	0	0	0	0	1	0	1	1	0	0	0	0	0	0	0	0	0	0	0	0	1	0	0	0	0	0	0	0	0	0	0	1	0	0	0	0	0	1	0	0	0	0	1	0	0	0	0	0	0	0	0	0	0	0	0	0	0	0	0	0	0	0	0	0
1828	455	54	27	15	27	15	22	8	21	3	24	10	4	11	12	5	8	2	4	10	6	12	12	5	1	8	5	1	0	2	7	0	4	0	2	1	3	1	6	1	1	6	3	3	3	3	0	1	1	3	0	0	4	1	0	2	1	0	0	0	2	1	1	0	0	2	4	0	4	0	1	1	0	0	0	0	1	0	3	0	0	0	0	5	0	1	1	1	0	0	3	0	0	1	0	0	0	0	0	0	0	1	0	0	0	2	0	2	0	0	0	0	0	0	0	0	0	0	1	0	5	0	1	0	0	0	1	0	0	0	0	0	0	0	0	0	1	0	0	0	0	0	0	0	0	0	0	0	0	0	2	0	0	0	1	0	0	0	0	0	0	0	0	0	0	0	0	0	0	0	0	0	0	0	1	0	0	0	1	1	0	0	0	0	0	0	0	0	0	0	1	2	0	0	0	0	0	0	0	0	0	0	0	0	0	0	1	0	0	0	0	0	0	0	0	0	1	0	0	0	0	0	2	0	0	0	0	0	0	0	0	0	0	0	0	1	0	0	0	0	0	0	0	0	0	0	0	0	0	0	0	0	0	0	0	0	0	0	2	0	0	0	0	0	0	0	0	0	0	0	0	0	0	0	0	0	0	0	0	0	1	0	0	0	0	0	0	0	0	0	0	0	0	0	0	0	0	0	0	0	0	0	0	0	0	0	0	0	1	0	0	0	0	0	0	0	0	0	0	0	0	0	0	0
1829	473	43	23	19	26	36	18	20	16	5	16	14	20	8	7	7	3	1	3	7	1	7	7	10	4	5	4	2	0	2	4	1	3	1	7	3	6	3	6	4	0	5	2	1	1	0	0	2	3	2	0	0	5	0	3	5	1	0	0	0	3	2	0	1	0	6	1	0	4	0	0	1	0	0	0	2	1	1	2	0	1	2	0	4	1	0	1	2	1	0	2	0	0	0	0	0	0	0	0	0	0	1	0	1	0	0	0	1	0	0	0	0	0	1	0	1	0	0	0	1	2	0	0	3	0	1	0	1	1	0	0	0	2	0	1	0	0	0	0	0	0	0	0	0	1	0	0	0	0	0	0	0	0	0	0	1	0	1	1	0	0	0	0	0	0	0	0	0	0	1	0	0	0	0	0	0	0	1	2	0	0	0	0	0	0	0	0	0	0	0	0	0	0	0	0	0	0	0	0	0	0	0	0	0	0	0	0	0	0	0	0	0	0	0	0	0	0	2	0	1	0	0	0	0	0	0	0	0	0	0	0	0	0	0	0	0	0	0	0	0	0	0	1	0	0	0	0	0	1	0	0	0	0	0	0	0	0	0	0	0	0	0	0	0	0	1	0	0	1	0	0	0	0	0	0	0	0	0	0	0	0	0	0	0	0	0	0	0	0	0	0	0	0	0	0	0	0	0	0	0	0	0	0	0	0	0	0	0	0	0	0	0	0	0	0	0	0	1	0	0	0	0	0	0
1830	415	23	20	29	26	28	34	30	20	4	22	15	9	5	1	2	3	0	2	1	2	6	4	8	2	4	3	2	0	1	2	0	1	0	3	6	2	0	2	4	2	1	1	1	1	1	0	3	4	2	0	0	3	1	1	6	1	0	0	5	1	7	2	1	0	4	0	0	2	0	0	0	0	0	0	1	2	0	3	0	1	2	0	0	1	0	1	0	1	1	1	0	0	0	0	0	0	0	0	0	0	0	1	0	0	0	0	0	0	0	0	0	0	0	0	1	0	0	1	0	0	0	0	1	0	0	0	0	1	0	0	0	0	0	0	0	1	0	0	1	1	0	0	0	0	0	0	0	0	0	0	0	0	0	0	0	0	0	0	0	0	0	0	0	0	0	1	0	0	0	0	0	0	0	0	0	0	0	0	0	1	0	0	0	0	0	1	0	0	0	2	0	0	0	0	0	0	1	0	0	0	0	0	0	0	0	0	0	0	0	1	1	0	0	0	2	0	0	0	0	0	0	0	1	0	0	0	0	0	0	0	0	0	0	0	0	0	0	0	0	0	0	2	0	0	0	0	0	0	0	0	0	0	0	0	0	0	0	0	0	0	0	0	0	0	0	0	0	0	1	1	0	0	0	0	0	0	0	0	0	0	0	0	0	0	0	0	0	0	1	0	0	0	0	0	0	0	0	0	0	0	0	0	0	0	0	0	0	0	0	0	0	0	1	0	0	0	0	0	0	0	0	0	0
1831	282	37	15	13	17	14	8	2	14	2	5	6	6	5	2	5	2	2	4	1	2	8	3	9	0	5	2	5	0	2	9	1	5	0	3	2	3	2	1	1	2	2	0	1	1	0	1	2	1	0	0	0	1	1	5	2	0	0	0	1	1	2	1	0	0	0	1	0	0	0	0	2	0	0	1	0	1	0	1	0	0	0	0	1	0	1	1	2	0	0	1	0	0	0	0	1	0	1	0	0	0	1	2	0	1	0	0	0	4	1	0	0	0	0	0	0	0	1	0	0	2	0	0	0	0	0	0	0	0	0	0	0	0	0	0	0	0	0	0	0	0	0	0	0	0	0	0	0	0	0	0	0	0	0	0	0	0	0	0	0	0	0	0	0	0	0	0	0	0	0	0	0	0	0	0	0	0	0	0	0	0	1	0	0	1	0	0	1	0	0	0	1	0	0	0	0	0	0	0	0	0	0	0	0	0	0	0	0	0	0	1	0	0	0	0	0	0	0	0	0	0	0	0	0	0	0	0	0	0	0	0	0	0	0	0	0	0	0	0	0	0	0	0	0	0	0	0	0	0	0	0	0	0	0	0	0	0	0	1	0	0	0	0	0	0	0	1	0	0	0	0	0	0	0	0	0	0	0	0	0	0	0	0	0	0	0	0	0	0	0	0	0	0	0	0	0	0	0	0	0	0	0	0	0	0	0	0	0	0	0	0	0	0	0	0	1	0	0	0	1	0	0	0	0
1832	363	56	18	26	18	9	21	10	9	2	19	9	2	3	5	6	0	1	3	8	3	15	9	9	0	3	5	1	0	2	4	1	3	0	2	0	4	0	3	4	2	0	1	2	1	0	0	0	6	0	0	0	2	0	3	1	0	2	0	0	1	2	0	1	0	0	0	0	0	0	0	0	0	0	0	0	1	1	0	0	0	1	0	1	6	0	2	1	1	0	0	0	0	0	0	0	0	0	0	1	0	2	0	2	0	1	0	0	3	0	0	3	0	0	0	0	0	0	0	0	0	0	0	0	0	0	0	0	0	0	1	0	1	0	1	1	1	0	0	0	0	1	0	0	0	0	0	0	0	0	0	0	0	0	1	0	0	0	0	0	1	0	0	1	0	0	0	1	0	0	1	0	0	0	0	0	0	0	0	0	0	0	0	0	1	0	0	0	0	0	0	0	0	0	1	0	0	0	0	0	0	0	0	0	0	1	1	0	1	0	0	0	0	0	0	0	1	0	0	0	0	0	0	0	0	0	0	0	0	0	1	0	0	0	0	0	0	0	1	0	0	0	0	0	0	0	0	0	0	0	0	0	0	0	0	0	0	0	0	0	0	0	0	0	0	0	0	0	0	0	0	0	0	0	0	0	0	0	0	0	0	0	0	0	0	1	0	0	0	0	0	0	0	0	0	0	0	0	0	0	0	0	0	0	0	0	0	0	0	0	0	0	0	0	0	0	0	0	0	0	0	0	0	0
1833	553	51	30	31	41	29	24	24	27	3	31	12	10	5	8	6	6	1	7	7	6	12	8	6	3	4	2	4	0	2	3	1	8	0	1	2	5	0	3	2	1	4	2	2	3	1	0	1	5	1	0	0	4	2	6	3	1	1	0	1	4	1	0	1	0	2	1	1	2	2	2	0	0	0	2	3	2	4	0	0	0	0	0	4	2	0	2	3	2	0	1	0	1	0	0	0	0	1	0	0	0	0	1	1	1	0	0	2	0	0	0	0	0	0	0	0	0	0	1	1	2	0	0	1	0	0	1	1	0	1	1	0	0	0	1	0	4	0	1	0	0	0	0	0	1	0	0	1	0	1	1	0	0	0	0	0	0	2	1	0	0	0	0	1	1	0	1	0	0	0	0	0	1	0	0	0	1	0	1	0	0	0	0	0	0	1	0	1	0	0	0	0	1	0	0	0	0	0	0	0	0	0	0	0	0	0	0	1	0	0	0	1	0	0	0	1	1	0	0	0	1	0	1	0	0	0	0	0	0	0	0	0	0	0	0	1	0	0	0	0	0	0	1	0	0	1	0	0	0	0	0	0	0	0	0	0	0	0	1	0	0	0	0	0	0	0	0	0	1	0	0	0	0	0	0	0	0	0	0	0	0	0	0	0	0	0	0	0	0	0	0	0	0	0	0	0	0	0	0	0	0	0	0	0	0	0	0	0	0	0	0	0	0	0	0	0	0	0	0	0	0	0	0	0
1834	718	50	47	23	42	25	34	16	54	13	23	17	13	15	19	7	6	1	6	20	42	5	13	13	0	13	6	4	0	4	2	1	5	1	4	1	0	5	9	4	0	3	5	8	6	3	0	0	2	3	0	0	3	3	5	6	1	0	0	0	1	2	2	2	0	1	1	0	0	0	1	2	0	0	0	0	0	4	3	0	2	2	0	1	3	1	0	1	1	1	3	0	1	3	0	1	0	0	1	0	0	0	1	0	1	1	0	0	0	0	0	0	0	1	0	1	1	1	1	0	1	0	4	4	0	0	2	2	0	1	0	0	0	0	1	1	0	0	2	0	0	0	0	1	1	1	0	0	1	1	3	0	0	0	0	0	0	2	0	0	1	0	0	0	2	0	1	0	0	0	2	0	3	0	0	2	0	0	1	0	0	0	0	0	0	0	0	0	0	0	0	1	0	0	0	0	0	0	0	0	0	0	1	0	0	0	0	0	0	0	2	3	0	0	0	1	0	0	0	0	0	0	1	0	0	0	0	0	0	0	0	0	0	0	1	0	0	2	0	0	0	0	1	0	0	1	1	0	0	0	0	0	0	0	0	0	0	0	0	0	0	0	0	0	0	0	0	0	0	0	0	0	0	0	0	1	0	0	0	0	1	0	0	0	0	0	0	0	0	1	0	0	0	0	0	0	0	0	0	0	0	0	0	0	0	0	0	0	0	0	0	1	0	0	0	0	0	0	0	0	0	0	0	0
1835	553	41	47	19	32	43	24	33	17	6	16	7	13	14	13	5	2	1	0	9	12	5	14	5	2	5	3	4	0	1	2	2	6	3	0	4	1	0	4	2	2	1	3	0	0	7	0	3	0	7	1	1	0	0	1	4	0	1	0	0	3	1	1	2	0	6	2	1	1	0	2	3	0	1	5	0	0	1	3	0	0	3	0	3	2	0	2	3	5	0	3	2	4	1	0	0	0	0	0	0	1	0	1	3	0	0	0	0	3	1	1	1	0	2	0	0	1	0	1	1	0	0	1	1	0	2	1	0	1	0	1	0	0	0	0	0	0	0	1	0	0	0	0	1	0	0	0	0	0	1	1	0	2	0	1	0	0	0	0	0	0	0	1	0	0	0	0	0	0	0	0	0	0	0	0	0	0	0	1	0	0	0	0	0	0	0	0	0	0	0	0	0	0	0	0	0	0	0	0	0	0	0	0	0	0	0	0	0	0	0	0	0	0	0	0	3	1	0	0	0	0	0	1	0	0	0	1	0	0	0	0	0	1	0	0	0	0	1	0	0	0	0	1	0	0	0	0	0	0	0	0	0	0	0	0	0	1	0	0	0	0	0	0	0	0	0	1	0	1	0	0	0	0	0	0	0	0	0	0	0	0	0	0	0	0	0	0	0	0	0	0	0	0	1	0	0	0	0	0	0	0	0	0	0	0	0	0	0	0	0	0	0	0	0	0	0	0	0	0	0	0	0	0	0
1836	693	66	49	59	36	47	36	31	16	9	16	9	10	13	15	9	7	1	5	7	8	5	14	6	7	6	3	2	0	10	12	1	4	3	1	4	3	1	6	0	5	3	4	0	2	4	1	2	3	5	1	0	1	5	5	7	0	2	0	1	2	5	1	3	0	6	0	2	0	1	1	0	0	0	3	1	1	3	2	0	0	0	0	3	0	0	2	1	2	0	2	0	1	3	0	1	0	1	0	0	0	7	3	0	0	1	0	1	2	1	2	0	0	0	0	0	0	0	0	0	2	0	0	1	0	0	0	0	0	0	2	0	0	0	1	1	2	0	0	0	0	1	0	0	2	0	0	0	0	0	0	0	0	0	2	2	0	1	0	0	0	0	0	0	1	3	0	0	0	0	1	0	0	0	0	0	0	1	1	0	1	0	0	0	0	0	0	0	0	0	0	0	0	0	0	0	0	0	0	0	0	0	0	0	0	0	0	0	1	2	0	0	1	0	0	2	0	1	0	0	2	0	0	0	0	1	0	0	0	0	0	0	0	0	0	0	0	2	0	0	0	0	0	0	0	0	1	0	0	0	0	0	0	0	0	0	0	0	0	0	0	0	1	0	1	0	0	0	0	0	0	0	0	0	0	0	0	0	0	0	0	0	0	0	0	0	0	0	0	0	0	0	1	0	0	0	0	0	0	0	0	0	0	0	0	0	0	0	0	0	0	0	0	0	0	0	0	0	0	0	0	0	0	0
1837	607	47	41	54	44	38	20	31	22	10	20	12	9	12	7	6	9	0	3	6	5	12	9	8	3	14	3	2	0	4	9	0	7	3	5	6	3	1	1	1	2	1	3	2	1	0	0	1	0	1	0	0	1	1	4	3	1	2	1	2	1	3	3	0	0	8	0	0	2	0	1	1	1	1	2	0	1	3	3	0	0	0	0	0	1	0	6	1	0	0	1	0	0	2	0	0	1	4	2	1	0	4	1	1	0	0	0	1	0	1	0	0	0	2	0	0	0	0	1	0	1	0	0	0	0	1	2	0	1	0	0	0	0	0	0	0	2	0	2	0	0	0	0	0	0	0	0	0	0	1	2	1	0	0	1	0	0	0	0	0	0	0	0	0	1	1	0	0	0	1	0	0	0	0	0	0	1	0	0	0	0	0	0	0	0	0	2	1	0	0	0	0	0	0	0	0	0	0	0	0	0	0	1	0	0	0	0	0	0	0	0	0	0	0	0	1	0	0	0	0	0	0	0	0	0	0	0	0	0	0	0	1	0	0	0	0	0	2	0	0	1	0	0	0	0	0	0	0	0	0	0	0	0	0	0	0	1	0	0	2	0	0	0	0	0	0	1	0	0	0	0	0	0	0	1	0	0	0	0	0	0	1	0	0	0	1	0	0	0	0	0	0	0	0	0	0	0	0	0	0	0	0	0	0	0	0	0	0	0	0	0	0	0	0	0	0	0	0	0	0	0	0	0	0
1838	743	61	40	48	41	51	29	52	15	11	17	12	17	11	11	13	5	2	7	14	5	7	16	6	0	4	3	3	0	5	6	0	4	8	17	5	7	4	9	7	5	5	1	4	2	3	0	7	2	1	0	0	5	3	4	6	2	7	0	4	2	1	2	0	0	3	1	2	8	1	2	0	4	1	2	4	2	2	5	0	0	0	0	3	1	1	0	2	0	0	3	0	6	1	0	0	0	1	0	0	0	3	4	0	0	1	0	0	0	0	0	0	0	1	0	2	0	0	0	2	1	0	0	4	1	2	2	0	0	0	1	0	0	0	1	0	1	0	1	0	0	0	0	2	0	0	0	0	0	1	0	0	0	0	0	0	0	1	0	0	4	0	0	1	0	1	0	1	0	1	0	0	0	0	0	0	0	0	0	0	0	0	0	0	0	0	0	0	0	0	1	0	0	0	0	0	1	0	0	0	0	0	1	0	0	0	1	0	0	0	0	0	0	0	0	0	1	0	0	0	0	0	0	0	0	0	0	0	0	0	0	0	0	0	0	0	0	1	0	0	0	0	1	0	0	0	0	0	0	0	0	0	0	0	0	0	0	0	0	0	0	0	1	0	0	0	0	0	0	0	0	0	0	0	0	0	0	0	0	0	0	0	0	0	0	0	0	0	0	0	0	0	0	0	0	0	0	0	0	0	0	0	0	0	0	0	0	0	0	0	0	0	0	0	0	0	0	1	0	0	0	0	1	0
1839	594	40	32	39	28	42	24	21	21	14	12	9	18	15	26	1	8	1	1	9	6	9	28	3	0	5	3	2	0	1	0	0	6	1	10	3	1	2	2	3	6	1	5	2	3	9	0	0	4	5	0	0	2	0	3	4	2	4	0	0	1	2	2	1	0	4	0	3	1	1	3	2	4	0	2	0	3	0	2	0	0	2	0	0	0	2	4	2	1	2	2	2	0	3	0	2	1	1	0	1	0	2	0	2	0	0	0	0	6	0	0	0	0	0	0	0	0	1	1	2	1	0	2	1	0	1	0	1	0	0	1	0	0	0	0	0	0	0	1	0	1	0	0	0	0	0	0	1	0	0	1	0	0	0	0	0	0	2	0	0	0	0	0	1	0	0	0	0	0	1	0	0	0	0	0	0	0	0	1	0	0	0	0	0	0	0	0	0	0	0	0	0	0	0	0	1	0	0	0	0	0	0	0	0	0	0	0	0	0	0	0	0	0	0	0	0	0	0	0	0	0	0	0	0	0	0	0	0	0	0	0	0	0	0	0	0	0	1	0	0	0	0	2	0	0	0	1	0	0	0	1	0	0	0	0	0	0	0	0	0	0	0	0	0	1	0	0	0	0	0	0	1	0	0	0	0	0	0	0	0	0	1	0	0	0	0	0	0	1	0	0	1	0	0	0	0	0	0	0	0	0	0	0	0	1	0	0	0	0	0	0	0	0	0	0	0	0	0	0	0	0	0	0	0
1840	565	51	35	41	35	27	28	23	16	7	14	5	20	8	14	4	8	2	4	12	3	11	8	3	1	6	1	0	0	2	3	1	6	2	6	3	1	2	2	1	1	3	4	3	5	3	1	5	3	2	0	2	2	2	1	5	2	1	0	2	2	2	0	1	0	5	2	0	2	0	0	3	2	0	0	0	3	2	1	0	2	3	0	4	1	0	5	1	0	0	3	1	1	1	0	0	0	2	1	0	0	1	0	1	0	0	0	0	10	0	2	0	1	1	0	0	0	0	1	0	1	0	1	1	0	1	0	1	0	1	0	0	0	0	0	0	0	0	0	0	1	0	0	0	0	0	0	0	1	1	0	0	1	0	0	0	0	0	0	0	0	0	0	3	0	0	1	0	0	1	0	0	1	0	0	0	1	0	0	0	0	0	0	0	0	0	0	1	0	0	1	0	0	1	0	0	1	0	0	0	0	0	0	0	0	0	0	0	0	0	0	0	0	0	0	0	0	0	0	0	1	0	0	0	0	0	0	0	1	0	0	0	0	0	0	0	0	1	0	0	0	0	0	0	0	0	0	0	0	0	0	0	0	0	0	0	0	0	0	2	0	0	0	0	1	0	0	0	0	1	0	0	0	0	0	0	0	0	0	0	0	1	0	0	0	0	0	0	0	0	0	2	0	0	1	0	0	1	0	0	0	0	0	0	0	0	0	0	0	0	0	1	0	0	0	0	0	0	1	0	0	0	0	0
1841	600	53	35	32	29	31	28	25	19	21	16	16	15	10	7	3	5	8	6	11	4	4	4	4	5	13	0	2	0	2	5	2	2	4	10	3	4	2	7	9	11	5	5	7	1	2	0	3	2	0	1	2	3	1	2	3	2	2	1	0	5	4	1	1	0	2	0	2	2	2	0	3	2	2	0	0	2	3	0	0	0	0	0	2	0	2	0	1	0	1	2	1	1	1	0	0	0	2	0	0	0	3	1	0	0	0	0	0	0	0	0	0	1	2	0	1	0	1	1	0	1	0	0	1	0	1	1	0	1	0	1	0	0	0	1	0	2	1	0	0	0	0	0	1	1	1	0	0	1	1	0	0	0	0	1	0	0	1	0	0	0	0	0	0	2	0	0	0	0	0	0	0	0	0	0	0	0	0	1	0	0	0	0	0	0	0	1	0	0	0	0	0	0	0	1	0	1	0	0	0	0	0	0	0	0	1	0	0	0	0	0	0	0	0	0	1	0	1	1	0	1	0	0	0	0	0	0	0	0	0	0	0	0	0	0	0	0	1	1	0	1	0	0	0	0	0	0	0	0	0	0	0	0	0	0	0	0	0	0	0	0	0	0	0	0	0	0	0	0	0	0	1	0	0	0	0	0	0	0	0	0	0	0	0	0	0	0	1	0	0	0	0	1	1	0	0	0	0	0	0	0	0	0	0	0	0	0	0	0	0	0	0	0	0	1	0	0	0	0	0	0	0	0	1
1842	631	33	46	38	33	36	37	29	44	18	18	15	16	4	12	7	9	0	5	3	19	6	8	5	3	8	4	0	0	4	5	3	5	0	3	4	4	5	8	6	5	5	4	1	1	9	0	3	3	0	0	0	4	2	3	5	0	0	0	1	0	3	1	0	0	5	2	1	1	0	2	0	1	0	1	0	3	1	0	0	0	2	0	3	0	0	4	2	6	0	3	0	0	2	0	1	0	1	0	0	0	0	3	2	1	1	0	0	1	0	0	3	0	3	0	1	0	0	1	1	1	0	1	1	0	1	1	1	0	0	1	0	0	0	1	0	0	0	1	0	0	0	0	0	0	0	0	0	1	0	0	0	0	0	0	0	0	0	0	0	0	0	0	0	0	0	0	0	0	1	0	0	0	0	0	0	0	0	0	0	0	0	0	0	0	0	0	0	0	0	0	0	0	0	0	2	1	0	0	0	0	0	0	0	0	0	0	0	0	0	0	0	1	0	0	0	0	0	0	0	0	0	0	0	0	0	0	0	0	0	0	0	0	0	0	0	0	0	0	0	0	0	0	0	0	0	0	0	1	0	0	0	0	0	0	0	0	0	0	0	0	0	0	0	0	0	0	0	0	0	0	1	0	0	0	0	0	0	0	0	0	0	0	1	0	0	0	0	0	0	0	0	0	0	0	0	0	0	0	0	1	0	0	0	0	0	0	0	0	0	0	0	0	0	0	0	0	0	0	0	0	0	1	0
1843	726	51	42	40	54	42	18	27	26	21	18	11	22	22	21	5	4	2	5	11	5	5	19	12	0	6	4	3	0	5	4	1	7	6	7	1	5	4	4	4	10	6	6	3	1	2	0	3	4	1	0	1	2	1	1	4	1	1	1	0	5	5	3	0	0	7	6	0	1	2	0	3	0	0	2	3	2	2	2	0	3	0	0	3	1	3	1	2	5	1	2	0	1	3	0	0	0	1	0	0	0	4	1	2	1	1	0	1	1	2	0	0	0	2	0	0	0	0	0	3	2	0	0	0	0	0	1	0	0	0	0	0	0	0	1	1	0	0	0	0	0	0	0	2	0	1	0	0	0	0	1	0	0	0	2	0	1	2	0	0	0	0	1	0	1	4	0	0	0	1	0	0	0	0	3	1	0	1	1	0	0	0	0	0	0	0	1	0	0	1	0	2	0	1	0	1	1	0	0	0	0	0	0	0	0	2	0	0	0	0	0	0	1	0	0	0	0	1	0	0	0	0	0	0	0	0	0	0	0	0	0	0	0	0	0	0	0	0	0	0	0	0	0	0	0	0	1	0	0	0	0	0	0	0	1	0	0	0	0	0	0	0	0	0	0	0	0	0	0	1	0	1	0	0	0	0	0	0	0	0	0	0	0	0	0	0	0	1	0	1	0	0	0	1	0	0	0	0	0	0	0	0	0	0	0	0	0	0	0	0	0	0	0	0	0	0	0	2	0	0	0	0	0	0
1844	1018	87	71	62	60	49	31	39	34	8	21	17	20	21	16	21	12	1	10	17	10	13	14	8	4	20	3	8	0	3	4	1	22	9	11	3	5	3	11	15	6	11	9	12	3	9	4	1	4	6	1	0	2	0	0	3	0	1	0	0	3	5	1	1	0	4	3	6	1	2	1	8	1	2	1	0	1	4	3	0	0	3	0	3	2	4	3	5	3	1	3	1	0	3	0	2	1	2	0	0	0	5	3	0	2	1	0	5	0	2	0	2	2	1	1	2	1	0	1	1	5	1	0	2	0	1	2	0	0	0	1	0	0	0	0	0	2	0	1	0	2	0	0	0	0	1	1	0	2	0	5	0	0	0	1	0	0	1	0	0	0	1	0	1	2	0	1	0	0	0	0	0	0	1	1	0	0	1	0	0	0	0	0	0	0	1	0	1	0	0	1	0	1	1	0	0	1	1	0	0	0	1	0	0	0	1	1	0	1	0	0	1	0	0	0	1	0	1	0	3	0	0	0	0	0	0	0	0	0	0	0	0	0	0	1	0	0	0	0	1	1	0	1	0	0	2	0	0	0	0	0	0	0	0	0	0	0	0	0	1	0	0	0	0	0	1	1	0	0	1	0	0	0	0	0	0	0	0	1	0	0	0	0	0	0	0	0	0	0	0	0	1	0	0	0	1	1	0	0	0	0	0	0	0	0	0	0	0	0	0	0	3	0	0	0	0	0	0	0	0	0	0	0	0
1845	1420	96	87	86	52	56	78	60	77	29	32	36	23	41	29	23	23	2	18	19	19	15	16	11	2	13	7	4	0	11	10	3	9	7	17	1	9	5	16	5	13	7	6	13	5	19	1	3	4	10	1	2	4	5	6	8	3	3	1	4	2	10	8	2	0	6	2	5	2	1	2	2	1	0	4	4	2	0	3	0	1	4	0	2	2	7	1	3	5	0	5	2	3	2	0	1	2	2	0	2	1	8	1	6	0	4	2	3	3	0	0	1	1	3	1	1	2	0	1	0	0	0	2	1	0	5	2	1	1	0	1	0	1	0	1	1	2	0	0	1	1	4	0	2	2	0	0	4	2	0	5	0	0	0	0	0	0	1	0	0	1	0	0	0	0	0	0	0	0	0	1	2	0	0	0	0	0	0	2	0	0	0	1	0	0	0	1	0	1	0	1	1	2	1	1	0	1	0	0	0	0	0	0	0	0	0	0	0	1	0	0	0	0	0	2	0	2	1	0	1	0	0	0	0	6	0	0	0	0	0	0	0	0	0	0	0	0	1	0	0	2	0	1	0	0	6	1	0	1	0	0	0	0	0	0	0	0	2	1	3	0	0	0	1	0	1	0	0	1	1	0	1	0	0	0	0	0	1	1	0	0	1	0	0	0	2	0	0	5	2	0	2	1	2	0	0	2	0	0	0	0	0	0	0	1	0	0	0	0	0	0	2	0	1	0	1	1	0	0	0	0	0	0	0
1846	1541	77	122	67	51	79	76	62	120	48	37	44	22	39	49	18	25	3	16	22	26	15	27	8	8	8	10	15	0	14	7	7	13	7	22	4	5	7	10	11	11	7	10	13	9	13	2	2	7	4	0	3	6	2	7	4	0	4	1	3	13	4	5	7	0	1	3	2	0	6	4	6	1	5	5	2	2	6	4	0	5	6	0	3	3	6	3	0	4	5	2	0	0	2	0	0	1	5	0	0	0	2	3	3	1	2	0	3	0	0	1	0	1	1	0	0	1	2	2	1	1	0	4	1	0	2	1	1	1	1	2	3	0	1	2	0	1	0	0	0	1	1	0	0	0	0	0	1	0	1	0	1	0	1	2	1	0	2	1	0	0	0	0	2	0	1	0	1	0	1	0	0	1	1	0	1	0	2	0	0	0	1	0	0	0	0	0	1	0	0	0	0	0	0	0	0	0	3	1	1	0	0	1	1	0	2	0	0	1	0	0	3	0	0	0	1	0	0	1	3	0	0	3	0	1	0	0	0	0	0	0	0	0	0	2	0	0	0	0	0	1	0	1	0	0	1	1	0	0	0	0	0	0	0	0	0	0	0	0	2	0	0	0	0	0	0	0	0	0	1	1	3	0	0	0	0	0	0	1	0	0	0	0	0	0	0	1	0	1	0	0	1	0	1	0	0	0	0	0	0	0	0	0	0	1	0	0	0	0	0	0	0	0	0	2	0	0	0	0	0	0	0	0	0
1847	1054	72	69	51	54	48	66	40	40	29	34	22	21	13	28	33	33	0	9	7	13	17	21	8	7	9	11	4	0	12	5	11	5	4	6	1	2	4	5	1	3	5	13	5	4	7	1	2	5	5	0	1	4	2	5	3	1	4	0	3	2	2	5	2	0	2	7	2	0	3	1	1	2	0	2	1	1	2	3	0	3	3	1	1	1	5	0	1	0	1	8	1	1	1	0	0	0	4	0	2	0	7	0	3	0	2	0	2	1	0	0	1	6	0	0	1	0	0	2	0	3	0	0	0	0	2	1	0	1	0	0	0	0	0	1	0	3	0	1	0	0	2	0	0	0	0	1	1	0	1	0	0	0	2	1	0	1	0	0	0	2	0	0	2	3	1	0	0	0	1	0	0	0	0	1	0	1	1	0	0	0	0	0	0	1	0	0	0	0	0	2	0	1	0	0	1	1	0	1	0	0	0	1	0	0	0	0	0	0	0	0	3	0	0	0	0	0	1	0	0	0	0	0	0	0	1	1	0	0	0	0	0	0	0	0	2	0	0	1	1	0	0	0	0	0	2	1	0	1	0	0	0	1	0	1	0	0	0	0	1	0	0	2	0	3	0	0	0	0	1	0	2	0	0	0	1	0	0	0	0	0	0	0	0	0	0	0	0	1	0	0	0	0	0	0	0	0	0	0	0	0	1	0	0	0	0	0	0	0	0	0	0	0	0	0	0	1	0	0	0	0	0	0	0
1848	834	159	48	48	28	27	58	25	18	20	18	12	8	10	10	18	18	0	20	15	5	10	16	21	8	6	6	5	0	7	9	3	2	1	0	1	4	6	4	1	3	7	5	1	5	8	0	1	1	4	0	4	1	1	1	2	4	3	0	4	2	2	0	2	0	2	0	2	0	7	1	5	2	1	1	1	3	1	2	0	0	0	0	0	3	2	0	2	0	0	4	0	1	0	0	1	0	0	3	0	0	0	3	1	0	3	0	2	0	2	1	0	0	1	0	2	0	0	0	0	0	0	1	1	0	3	0	2	0	0	2	0	0	0	0	0	1	0	0	0	0	2	0	1	0	1	0	1	0	0	0	1	0	0	0	0	0	0	0	0	0	0	1	0	0	0	1	0	1	0	2	0	0	0	1	0	1	0	1	0	0	0	0	0	0	0	1	0	0	0	0	1	0	0	0	0	0	0	0	0	0	0	0	1	0	0	1	0	0	0	0	0	0	0	0	0	0	1	0	0	1	0	0	0	2	0	0	0	0	0	0	0	0	0	0	0	0	0	0	0	0	0	0	3	0	0	0	0	0	0	0	0	0	0	0	0	0	0	0	0	0	0	0	0	0	0	0	0	1	0	0	0	0	0	0	0	0	0	0	0	0	0	0	0	0	0	0	0	0	0	0	0	0	0	0	0	1	0	0	0	0	1	0	0	0	0	0	0	0	0	0	0	0	0	0	0	0	0	1	0	0	0	0	0
1849	1003	118	70	49	61	59	45	37	29	21	36	23	22	12	12	27	11	1	13	15	11	18	8	22	11	7	11	6	0	8	10	1	3	5	10	2	6	5	4	5	2	4	2	2	5	9	0	6	4	8	1	1	4	0	6	4	5	4	0	1	1	0	1	7	0	1	1	1	1	2	2	3	3	1	0	0	2	1	2	0	1	1	0	1	4	1	0	1	0	0	0	0	1	0	0	2	2	3	1	2	0	2	2	1	2	1	0	2	1	3	2	0	0	0	0	2	0	0	4	1	0	0	1	1	0	2	0	0	1	0	2	0	0	0	0	0	1	0	0	1	0	1	0	0	2	0	0	0	0	0	0	0	0	0	0	1	0	2	0	0	0	0	0	1	0	3	0	0	0	0	1	0	1	0	0	0	1	0	2	0	1	0	0	0	0	0	1	0	0	0	0	1	3	0	1	0	1	0	0	0	0	0	0	0	0	0	1	0	0	0	1	1	0	0	0	2	0	0	0	0	0	0	1	0	0	0	0	0	0	0	0	0	0	0	0	0	2	0	0	0	0	0	0	0	0	0	0	0	1	0	0	0	1	0	0	0	0	0	0	0	1	0	0	0	0	0	0	0	0	0	0	0	0	0	2	0	0	0	0	0	0	0	1	0	0	0	0	0	0	0	0	0	0	0	0	0	0	1	0	0	0	0	0	0	0	0	0	0	0	0	1	0	0	0	0	0	1	0	0	0	0	0	0	0
1850	1255	115	79	58	63	76	77	62	42	33	39	25	20	24	7	30	28	1	15	15	8	13	10	16	13	7	12	6	0	5	8	4	4	5	12	5	5	8	11	7	10	4	5	6	2	9	0	5	11	5	3	4	7	1	7	0	4	9	0	1	2	8	0	1	0	4	0	4	5	4	5	2	2	1	1	4	3	3	1	0	2	0	0	2	0	0	2	3	0	0	2	5	1	3	0	1	0	3	0	0	1	3	5	0	4	1	8	4	2	0	0	2	3	1	0	2	0	2	1	0	1	0	1	1	3	0	1	1	0	0	1	1	1	1	0	0	1	3	0	1	1	1	0	0	1	0	0	0	0	1	0	3	0	0	0	0	0	0	0	1	0	0	0	0	2	1	2	2	0	0	0	2	0	0	0	0	0	0	1	0	2	1	0	0	1	0	1	0	0	0	2	3	0	0	3	0	1	0	2	1	0	1	2	0	1	0	1	0	0	1	1	0	0	0	0	0	1	0	1	0	0	0	1	0	0	0	0	0	0	0	0	0	0	0	0	0	0	1	0	2	0	0	0	0	1	0	1	0	0	0	1	1	0	0	0	0	0	0	0	0	0	0	0	0	0	1	1	1	0	0	0	0	0	0	0	0	0	0	0	0	0	0	0	0	1	0	0	1	0	0	0	0	0	0	0	0	0	1	0	0	1	3	0	0	0	0	0	0	0	0	0	0	0	0	1	0	1	0	0	0	0	0	0	0
1851	1164	66	90	89	32	76	65	31	57	35	28	37	12	19	13	20	33	0	35	12	9	19	21	12	6	7	8	11	0	8	6	5	8	2	7	1	5	9	3	7	4	6	12	4	1	10	3	1	6	2	0	4	2	3	3	1	1	4	0	2	9	5	4	4	0	3	5	2	1	4	1	0	1	4	0	3	2	1	3	0	0	1	0	1	4	2	1	0	0	1	2	1	2	2	0	0	4	3	1	0	0	0	1	2	4	0	4	1	4	0	2	0	4	0	2	0	0	1	0	2	0	0	4	1	1	0	3	1	1	0	1	0	3	0	0	0	1	0	3	0	0	0	1	1	0	0	1	0	1	1	0	0	0	2	0	1	0	0	0	0	0	0	0	0	0	2	2	0	0	0	0	1	0	2	1	1	2	0	0	0	4	1	0	0	0	0	0	0	0	0	1	0	1	0	0	1	0	1	0	1	0	2	1	4	0	0	2	1	1	1	0	1	0	0	0	0	1	0	0	2	0	0	0	0	0	0	0	1	0	1	0	2	0	0	2	1	0	0	0	0	1	0	0	0	0	0	0	1	0	0	1	0	0	2	0	0	0	0	0	0	0	0	0	0	0	0	0	0	0	0	1	1	0	0	0	1	1	2	0	0	1	0	0	0	0	1	0	0	0	0	0	0	0	0	0	0	1	0	0	0	0	1	0	0	0	0	0	0	0	0	0	0	0	0	0	0	0	0	1	0	0	0	0	0
1852	1229	78	92	95	54	54	91	35	58	43	37	24	22	22	23	22	27	2	20	20	12	17	7	13	10	22	15	11	0	9	8	17	12	1	6	1	7	5	2	6	12	9	3	6	3	10	1	2	12	2	0	8	2	0	9	2	2	10	0	1	2	0	0	4	0	2	5	1	0	2	0	2	1	0	0	1	2	2	0	0	1	0	0	2	5	3	4	4	1	1	0	5	3	4	1	0	0	1	0	1	0	0	1	3	0	2	5	1	2	0	0	0	0	0	0	0	1	2	0	0	3	1	1	0	2	4	1	2	2	0	0	0	0	0	3	1	1	0	0	0	1	2	0	0	0	1	1	0	0	0	0	0	0	0	1	0	0	0	0	1	1	0	0	0	0	0	1	0	1	0	0	0	1	1	0	0	0	0	0	0	0	0	0	0	0	3	0	0	0	0	0	0	0	1	0	0	0	0	0	0	0	0	0	2	1	0	0	0	0	0	0	0	1	0	0	1	0	0	0	2	0	0	0	0	0	0	0	0	0	0	0	1	0	0	0	0	0	0	0	1	0	0	1	0	0	0	0	0	0	0	0	0	0	0	0	0	0	0	0	0	0	0	0	2	0	0	0	0	1	0	0	0	0	1	0	0	0	0	0	0	0	0	0	0	0	0	0	0	0	0	0	0	0	0	0	0	0	0	0	0	0	3	1	0	0	0	0	0	0	0	0	0	0	0	0	1	0	0	0	0	0	0	0	2
1853	1357	76	93	88	89	69	76	43	49	52	46	35	16	19	18	23	25	2	23	12	6	12	13	10	9	6	13	8	0	7	5	3	4	5	7	0	17	5	9	4	11	5	19	8	2	18	2	4	4	5	0	1	6	6	6	1	3	9	1	0	0	3	4	4	0	5	6	4	0	11	1	2	2	0	0	2	1	4	1	0	0	4	2	3	2	1	5	6	1	1	5	2	1	2	0	2	5	4	1	1	0	3	8	1	3	5	1	2	4	0	0	1	1	0	3	1	0	1	0	0	1	0	2	0	6	2	2	1	0	0	0	1	0	3	1	1	0	0	1	0	0	2	0	3	0	2	0	2	3	2	0	3	0	0	1	0	2	0	0	0	0	0	0	1	1	2	2	2	0	2	0	2	2	1	0	0	1	2	1	0	1	0	0	0	0	2	0	0	0	2	0	4	1	1	1	1	1	0	2	1	0	1	2	1	1	0	0	1	0	1	0	0	0	0	0	0	0	0	1	0	0	1	0	0	0	1	0	0	0	0	0	1	2	3	1	0	1	0	0	1	0	0	0	3	0	0	0	0	0	0	0	1	0	0	1	1	0	0	0	0	2	0	1	0	1	0	0	0	0	0	0	0	0	0	0	0	0	1	1	0	0	0	1	0	1	0	0	0	1	0	0	0	0	0	0	0	0	1	0	0	0	0	1	1	0	0	0	0	1	0	0	0	0	0	0	0	0	0	0	0	0	2	0	0
1854	1711	176	111	152	54	53	72	81	68	41	56	37	22	14	23	51	25	0	16	45	8	38	14	33	14	15	9	11	0	17	28	7	11	5	13	6	23	17	15	13	10	7	3	5	7	6	3	5	17	5	0	3	4	1	1	5	3	9	0	3	4	9	0	1	0	5	1	3	2	2	3	4	3	1	0	4	4	6	3	0	1	1	7	2	0	3	9	4	1	2	0	3	1	2	0	1	3	4	3	2	3	0	3	1	1	1	5	0	0	1	1	1	3	4	1	0	0	1	3	1	6	1	0	0	3	0	0	1	0	0	3	0	2	1	0	0	5	0	0	1	1	2	0	3	0	0	0	1	0	1	2	0	0	0	1	0	1	0	0	0	1	0	0	1	0	1	2	1	0	1	0	1	0	0	0	0	0	0	0	0	3	0	1	0	0	1	0	0	0	1	0	0	1	1	0	0	0	0	0	2	0	0	0	1	1	2	0	0	0	0	0	0	0	0	0	0	0	2	0	0	2	0	0	0	0	0	4	2	1	0	0	0	0	0	0	0	0	0	0	2	0	0	0	0	0	0	0	0	0	0	0	0	1	0	0	0	0	1	1	0	1	0	2	0	0	0	0	0	0	0	1	0	0	0	0	0	0	2	1	0	0	0	0	1	0	0	0	0	0	0	0	0	0	0	0	1	0	0	0	0	0	0	0	2	0	0	0	0	0	0	0	0	0	1	0	0	0	0	0	0	0	0	0	1
1855	1864	233	84	136	50	94	73	115	70	36	40	38	40	20	10	38	25	2	28	47	8	54	10	24	16	10	12	9	0	10	54	7	13	14	8	6	20	21	7	6	4	8	6	14	8	5	1	11	8	7	1	0	6	4	4	10	2	8	0	0	6	8	1	1	0	10	4	2	7	1	1	3	2	1	3	2	2	2	2	0	1	3	2	6	2	6	7	2	1	2	1	2	1	1	1	0	4	3	1	0	1	2	7	1	3	5	5	1	4	0	1	5	2	0	3	0	1	1	2	0	2	0	3	1	3	4	5	1	1	0	1	0	5	1	2	0	2	0	0	4	2	2	5	1	2	1	1	0	0	1	5	2	0	0	1	0	1	1	0	0	0	0	0	0	0	0	3	0	1	0	1	1	1	2	1	0	1	0	0	0	1	1	0	0	0	1	0	1	0	0	0	0	0	2	2	0	1	0	0	0	2	1	2	0	0	0	1	0	0	0	0	0	0	0	0	1	0	0	3	0	2	0	1	0	1	2	1	1	1	0	0	0	1	0	0	0	0	0	1	0	0	0	0	1	0	0	0	0	0	0	0	0	0	0	0	0	0	1	0	0	1	0	0	0	0	1	0	1	1	0	0	0	0	0	0	0	0	2	1	1	0	0	0	0	0	0	0	1	0	0	0	0	0	0	0	0	0	2	0	0	0	1	0	0	1	1	0	0	1	1	0	0	0	0	0	0	0	0	0	0	2	0	0	0
1856	1361	85	77	103	43	55	68	63	64	48	38	45	27	9	20	22	24	9	22	15	13	16	11	8	15	15	9	7	0	19	28	15	9	3	8	1	8	20	6	13	9	3	6	21	3	2	3	9	3	10	0	2	9	2	7	4	0	3	0	1	15	5	0	9	0	2	3	1	7	1	2	3	8	0	1	1	5	4	7	0	1	2	3	4	1	2	6	1	0	0	1	1	2	1	1	0	4	2	0	0	1	0	11	2	2	3	2	2	0	0	0	0	0	1	0	1	0	3	1	1	0	0	1	1	1	3	1	0	0	0	0	0	0	0	2	0	3	0	0	0	1	1	2	0	0	0	0	0	2	1	0	2	1	1	2	0	1	0	1	0	0	0	0	1	1	0	1	0	0	1	1	0	0	0	0	1	2	0	0	0	2	0	0	0	0	1	0	0	0	0	0	1	0	0	2	0	1	2	0	1	0	0	0	1	0	0	0	0	0	0	1	0	0	0	0	0	0	1	0	0	0	0	1	0	2	0	0	0	0	0	0	0	0	0	0	0	1	0	0	1	0	0	0	0	0	0	0	0	1	0	1	0	0	0	0	0	0	0	0	0	0	0	0	0	0	0	1	0	0	0	0	0	0	0	0	1	0	2	1	0	0	0	1	3	0	0	0	1	0	0	0	0	0	0	0	0	0	0	0	0	0	0	0	1	0	0	0	0	0	0	0	0	0	0	0	0	1	0	0	0	0	0	0	0
1857	1436	125	99	81	39	53	50	54	69	64	52	48	22	29	37	23	29	1	21	20	11	20	13	11	10	9	14	5	0	20	22	9	5	2	6	2	11	8	8	3	7	6	8	10	4	3	0	2	5	4	0	0	9	3	3	3	2	17	2	1	11	0	1	10	0	2	7	1	3	2	3	5	4	1	2	1	6	3	4	0	1	2	1	6	2	1	1	2	0	1	1	0	1	5	0	0	2	4	0	0	1	0	2	2	4	2	3	2	0	0	13	2	1	3	0	0	0	0	1	4	2	1	2	0	2	1	1	0	0	0	5	0	0	0	1	0	1	0	0	0	0	2	0	2	0	0	4	0	0	1	2	1	0	5	1	0	6	1	2	0	0	0	0	0	0	0	2	3	3	0	0	1	0	1	1	0	0	0	1	0	2	0	0	0	0	1	1	1	0	1	1	0	0	0	1	0	0	2	1	1	0	0	0	0	0	0	0	1	0	0	0	1	0	0	0	0	1	0	1	0	0	0	0	0	2	1	0	0	0	1	1	0	0	1	1	1	0	7	0	1	0	1	0	0	0	0	0	0	0	0	0	2	0	1	0	2	0	0	1	0	0	0	0	0	1	0	1	0	0	0	0	0	0	0	1	0	0	0	1	2	0	0	0	0	0	1	0	0	0	0	0	0	0	0	0	1	0	0	0	0	0	0	1	0	0	0	0	0	1	0	0	0	0	0	0	0	0	0	0	1	0	1	0	0
1858	1678	92	114	103	67	137	93	66	75	40	56	53	26	30	14	29	51	5	28	23	21	19	6	13	19	5	20	6	0	10	9	14	7	11	8	6	14	8	14	2	6	2	6	9	3	3	6	5	11	4	2	2	8	3	15	4	0	7	1	4	2	7	3	8	0	6	2	1	1	6	2	5	2	5	2	3	0	2	1	0	2	1	2	4	5	3	2	2	2	2	1	2	3	2	0	0	4	4	0	1	4	0	1	1	3	1	2	3	3	1	4	2	2	4	2	3	5	0	2	2	1	1	2	0	1	2	0	0	1	1	3	0	3	1	3	1	0	0	0	0	2	1	0	3	0	0	3	2	2	2	2	0	0	0	0	1	2	1	1	0	3	0	0	1	1	1	0	0	0	4	2	0	1	0	0	1	0	0	0	1	0	0	0	0	2	0	0	1	0	1	0	0	0	1	0	0	2	0	0	0	0	0	2	2	0	0	1	5	0	1	0	0	1	0	0	0	0	0	0	3	0	0	0	0	2	0	1	0	1	2	0	0	0	2	1	2	1	0	0	1	0	2	0	1	1	0	0	1	0	0	1	2	0	0	0	2	0	0	1	3	1	0	0	0	0	0	0	0	0	0	0	0	0	0	0	1	0	0	1	0	0	0	0	2	0	0	0	0	0	1	0	0	0	0	0	0	0	0	0	0	0	0	0	1	0	0	0	0	0	0	0	0	1	1	0	0	1	0	0	1	0	0	1	0
1859	1704	116	97	91	56	84	72	74	97	58	37	62	31	50	48	25	35	2	13	24	16	21	18	17	11	11	18	13	1	9	12	5	15	7	3	12	6	7	10	1	5	4	14	6	5	9	7	11	7	5	0	2	13	3	5	1	1	5	2	1	10	9	3	5	0	1	5	3	1	8	5	3	4	5	6	1	3	9	1	0	2	2	5	1	3	3	7	5	0	1	1	2	3	5	2	0	3	2	3	0	3	2	2	3	1	3	5	9	2	1	2	3	1	2	1	1	0	0	1	4	0	2	2	4	1	3	6	3	3	0	1	1	2	0	5	0	3	1	2	0	5	1	1	2	2	3	2	0	0	5	2	4	0	2	4	0	0	1	0	0	2	1	2	1	1	0	0	1	0	1	1	0	0	0	1	1	1	1	0	0	1	1	1	0	0	3	0	0	0	1	2	0	0	0	0	4	2	0	0	0	1	2	0	0	0	3	0	2	0	0	0	0	0	0	0	1	0	0	0	0	0	1	2	0	0	0	0	0	1	0	0	0	1	1	1	0	1	0	0	1	0	1	0	0	0	0	0	0	0	0	1	0	0	0	0	0	0	1	0	0	0	0	0	0	0	2	0	0	0	0	1	0	0	0	0	0	1	0	0	0	0	1	0	0	0	0	0	0	0	0	0	1	0	0	0	0	0	0	1	0	0	0	0	1	0	0	0	0	0	0	0	0	0	0	0	0	0	1	0	0	0	1	2	0
1860	1654	108	105	126	55	77	63	58	51	55	66	38	21	25	36	39	50	8	24	26	12	21	15	17	18	10	24	8	0	14	8	19	5	12	4	5	18	8	9	1	11	6	6	4	5	26	8	1	4	16	0	2	6	1	8	4	5	4	0	3	3	4	8	3	4	5	2	6	1	3	1	3	4	2	0	3	6	5	2	0	0	2	1	2	1	2	2	9	0	2	3	2	4	1	1	0	6	4	1	0	0	2	1	1	2	1	4	2	4	1	4	2	4	2	4	1	0	1	2	1	1	0	3	0	0	1	2	4	0	0	3	0	9	0	2	1	2	1	3	0	0	0	1	1	2	0	6	1	2	2	0	1	0	1	1	0	3	0	0	0	0	0	0	2	1	0	0	1	1	0	0	1	1	0	2	1	1	0	2	3	0	0	0	0	1	0	0	0	0	2	2	2	0	2	1	1	0	0	0	0	0	1	4	4	0	0	0	4	0	1	0	1	0	0	1	0	0	0	0	2	1	0	0	0	0	1	1	1	1	0	0	0	0	0	0	0	2	1	0	0	0	2	0	2	0	0	0	1	0	0	1	0	0	0	0	0	0	0	1	0	0	0	0	0	1	1	0	0	0	0	1	0	0	1	0	0	0	0	0	1	0	0	0	0	0	0	0	0	0	2	0	0	0	0	0	1	0	0	0	0	0	1	1	1	0	0	2	0	0	0	0	1	0	0	1	0	0	0	0	0	0	0	0	0
1861	1578	108	120	102	63	88	67	55	58	50	51	48	18	17	29	42	45	1	24	19	27	35	21	21	13	2	27	5	0	15	6	12	12	13	13	4	3	11	2	11	3	5	6	13	2	4	3	7	8	8	0	0	5	3	2	3	1	3	0	3	6	2	2	9	0	3	4	10	2	4	9	1	6	5	5	2	3	0	0	0	0	2	5	0	8	2	3	3	0	2	1	3	5	0	0	0	4	3	1	1	0	2	1	3	3	0	7	0	4	0	5	3	1	1	4	3	0	1	0	1	0	1	1	2	0	0	2	6	0	0	0	0	1	2	1	1	0	0	0	0	1	2	3	0	0	1	0	0	0	2	0	2	0	2	0	0	2	0	1	0	0	0	0	1	1	0	1	0	0	0	0	1	0	0	1	0	2	0	0	0	3	0	1	0	1	1	0	0	0	0	1	0	1	0	0	0	1	0	0	1	0	3	0	0	0	1	0	0	0	0	0	1	0	0	0	0	0	0	0	3	0	0	0	1	0	0	0	1	2	1	0	0	1	2	0	1	0	0	0	0	1	0	0	0	0	1	0	0	0	0	0	0	0	1	0	0	0	0	0	0	0	0	0	0	0	0	0	0	0	1	1	2	0	0	1	0	1	1	0	2	0	0	1	0	0	0	0	0	0	0	0	0	0	0	0	0	0	1	0	0	0	0	0	0	0	0	0	0	0	0	0	0	1	0	0	0	3	0	0	1	0	0	0	0
1862	1513	98	95	108	55	57	51	86	54	48	65	52	20	12	37	39	32	2	24	15	18	18	12	17	20	14	20	9	0	16	13	14	11	7	10	6	4	4	3	15	10	4	5	7	3	9	4	8	11	2	0	1	6	1	2	2	1	11	0	5	4	4	1	2	3	3	1	6	3	7	5	2	7	2	5	10	4	4	0	0	2	3	0	3	3	1	2	1	6	3	1	3	2	1	1	0	1	2	0	0	3	1	1	2	3	3	3	1	1	0	0	2	3	1	0	0	0	4	1	3	0	0	1	0	0	2	1	1	1	0	1	1	3	1	1	0	1	0	1	1	0	2	0	0	0	1	0	1	1	0	3	1	0	0	1	0	1	0	0	4	0	0	4	0	0	1	3	0	0	0	2	1	0	0	1	0	0	1	1	0	3	0	0	0	0	1	0	1	0	0	0	0	0	0	0	1	0	0	0	0	1	1	1	0	0	0	0	0	0	2	1	1	0	8	0	0	0	0	0	0	1	0	0	0	0	0	3	0	4	0	0	3	1	2	0	1	2	0	0	0	0	1	0	0	0	0	0	0	1	0	1	0	0	1	0	0	0	0	1	0	0	0	0	2	0	0	1	2	0	0	0	0	0	0	0	0	0	0	0	0	0	0	0	0	0	0	0	0	0	0	0	1	0	0	0	0	0	0	0	0	1	1	0	0	1	0	1	0	0	0	0	0	0	0	1	0	0	1	0	0	0	0	0	0
1863	1450	124	100	152	72	39	83	35	35	46	35	27	21	31	10	29	30	5	14	10	14	21	11	11	9	12	7	6	2	8	5	11	15	6	11	5	9	5	13	3	7	6	6	6	5	3	5	4	2	2	0	16	5	2	4	4	3	9	2	4	1	3	2	1	30	2	3	6	6	3	6	2	5	3	3	0	4	1	0	0	3	4	6	4	0	4	4	4	0	1	3	0	2	1	0	0	1	1	1	0	1	2	2	3	1	5	3	2	2	2	1	3	3	1	0	0	0	4	2	2	0	0	1	1	1	1	2	1	0	0	2	0	3	0	1	0	0	0	0	0	0	2	0	0	1	2	0	3	0	2	0	0	0	1	0	1	1	1	1	0	0	1	1	0	0	3	0	0	0	1	0	0	0	1	1	0	1	0	0	0	0	0	0	4	3	0	1	0	0	2	3	1	0	0	1	0	1	1	1	0	0	1	0	0	0	0	0	1	0	1	0	0	0	19	0	0	0	2	1	0	1	0	1	1	0	1	3	2	0	0	1	0	1	2	0	0	0	0	0	1	0	0	0	2	0	0	0	0	0	0	0	0	0	0	0	0	0	0	0	0	1	0	0	0	0	0	0	0	0	0	0	0	0	0	1	0	2	0	0	2	1	0	0	0	1	1	1	0	1	0	0	0	0	0	0	0	0	0	0	0	1	0	1	0	0	0	4	0	0	0	0	0	0	0	0	0	0	0	0	0	0	0	0	1
1864	2058	164	137	265	124	64	78	62	51	52	58	31	35	23	32	29	22	5	27	37	20	35	14	27	10	7	21	3	2	9	10	7	22	11	8	16	18	2	8	8	10	31	3	5	5	3	1	15	9	9	4	52	2	2	4	4	5	7	1	7	2	2	7	3	63	3	1	1	2	1	8	2	8	2	2	5	7	1	1	0	5	0	1	2	4	4	4	0	2	2	1	6	4	1	0	0	4	0	1	1	3	1	6	1	4	3	1	1	2	1	0	4	3	0	1	0	1	9	1	1	0	1	0	0	1	1	4	1	1	0	1	0	2	1	2	1	0	1	0	1	0	0	2	0	1	3	1	0	2	0	0	0	1	0	2	1	1	1	1	1	0	0	3	0	0	0	2	0	0	0	0	1	0	1	2	1	1	1	1	1	0	1	0	10	2	0	0	1	0	0	0	3	5	0	0	0	2	0	0	1	0	1	0	1	0	1	2	2	0	1	0	1	0	0	1	0	0	0	1	0	0	0	0	0	0	0	0	0	0	0	2	0	1	1	0	0	0	0	0	1	0	2	0	1	0	0	2	1	0	3	0	1	1	0	0	0	0	0	0	0	1	1	1	2	1	0	0	0	0	0	1	0	0	0	0	0	0	0	0	1	0	1	0	0	0	0	0	0	0	0	0	1	0	0	0	0	0	0	0	0	1	1	1	0	0	0	1	0	1	0	0	0	0	0	0	1	0	0	0	0	0	0	1	1
1865	1869	122	133	211	156	51	58	69	85	62	47	38	33	26	9	22	19	6	3	31	31	24	5	16	10	3	14	8	2	10	18	9	10	14	9	9	12	5	12	8	7	18	5	4	10	2	10	9	6	11	0	82	2	1	11	0	4	17	2	4	1	3	3	5	16	2	5	0	2	1	10	2	12	1	3	1	5	2	1	0	3	5	1	1	9	2	2	2	0	1	4	5	5	2	0	2	2	7	1	3	6	1	0	0	2	3	3	0	14	0	1	4	3	0	1	0	0	1	0	4	0	1	0	0	2	1	2	0	1	3	1	0	0	0	0	1	0	0	1	1	1	2	0	0	0	0	1	0	0	0	0	0	0	0	1	2	1	1	0	5	0	0	2	0	1	1	0	0	0	1	2	0	0	3	2	0	0	0	0	1	0	0	0	1	2	1	0	0	0	0	1	0	0	0	0	0	0	0	0	1	0	1	0	0	0	0	0	0	1	0	1	0	2	0	2	0	0	0	0	0	0	0	0	1	0	0	0	0	1	2	1	0	0	0	0	0	0	0	0	0	0	0	0	0	0	0	1	0	0	0	1	1	1	0	0	0	0	0	0	0	0	0	0	0	0	0	0	0	0	0	1	0	0	0	0	1	0	1	0	0	0	1	0	0	0	1	0	0	0	1	0	0	2	0	0	0	0	0	1	0	1	0	1	0	1	0	1	0	0	0	0	0	0	0	0	0	0	0	0	0	0	0	0	3
1866	1824	129	161	208	149	59	64	66	45	58	42	24	41	23	18	21	21	6	15	24	10	31	11	20	10	1	8	6	1	4	13	9	10	21	8	8	16	0	14	5	9	27	2	10	6	2	3	11	7	4	2	83	6	3	4	2	1	6	0	2	1	6	3	16	13	1	0	2	10	2	5	0	5	1	0	1	5	4	4	0	4	4	3	1	6	1	5	1	0	2	1	1	5	0	0	1	4	1	0	1	4	1	5	2	2	2	1	0	1	0	2	3	2	2	0	0	0	3	1	3	0	2	1	1	1	0	0	0	2	4	1	1	2	2	1	2	0	0	1	0	1	0	0	0	2	2	1	0	0	0	0	0	0	2	1	0	3	0	2	8	0	0	7	0	1	1	0	1	0	1	1	1	0	0	1	0	0	0	0	0	0	1	0	3	2	0	1	0	0	1	0	0	0	0	2	0	0	0	0	0	0	1	0	0	2	1	0	0	0	0	0	1	0	0	2	1	0	0	0	0	0	1	2	0	1	0	0	1	1	1	0	0	2	0	1	3	0	0	0	0	0	2	1	1	0	1	0	0	0	0	0	0	1	0	1	0	0	0	0	0	1	1	0	0	0	0	0	0	0	0	0	0	0	0	1	0	0	0	0	0	0	0	0	0	0	0	0	0	0	0	0	0	0	0	0	0	0	0	0	0	2	0	0	0	0	0	0	0	0	0	0	0	0	0	0	0	0	0	0	0	0	0	0	0
1867	1976	149	114	96	132	104	71	96	35	80	49	45	43	26	24	25	29	8	31	30	15	27	20	19	11	25	23	8	0	13	8	12	10	29	24	14	12	14	6	16	6	9	10	8	3	2	18	12	3	9	2	1	5	3	5	6	3	6	0	2	6	4	3	8	17	6	4	6	7	6	6	3	5	7	4	3	5	0	1	0	5	4	2	1	3	4	1	5	0	3	0	1	2	1	5	1	0	1	3	3	4	4	4	3	5	5	4	3	4	2	2	3	3	3	2	1	0	3	2	3	4	3	0	1	1	2	2	1	8	2	0	1	2	1	0	3	1	0	1	0	2	4	2	2	0	2	2	3	0	1	0	0	8	0	2	2	2	0	0	2	0	1	2	1	0	2	0	2	0	1	0	1	1	2	0	0	1	0	1	0	0	0	0	8	2	3	0	1	2	2	0	0	1	2	1	0	1	0	1	1	1	2	1	2	0	0	1	0	1	2	3	0	0	0	2	0	0	0	3	1	0	1	1	1	0	1	0	0	1	0	1	0	0	0	0	0	0	0	1	0	1	1	0	0	0	0	1	0	1	0	0	0	0	1	0	1	0	0	0	1	0	0	0	0	0	1	1	1	1	0	0	0	1	0	4	2	0	1	0	1	0	0	1	1	0	0	0	0	0	0	1	1	0	0	0	0	0	0	0	0	1	0	0	0	0	0	1	1	0	0	0	1	0	0	0	1	0	0	2	0	0	0	0	0
1868	1931	161	152	102	108	61	82	52	79	57	61	31	26	35	17	27	38	4	29	27	88	31	11	18	6	14	24	18	0	16	9	8	14	15	9	5	9	6	7	14	12	6	5	5	9	8	9	5	13	10	0	0	3	5	6	4	4	8	0	1	6	3	2	7	72	1	4	2	6	3	7	1	5	1	3	1	9	2	2	0	4	6	5	2	6	2	2	0	5	12	0	3	4	3	2	0	1	2	0	1	4	0	1	2	4	2	2	1	4	1	0	1	2	0	0	0	1	5	3	1	0	2	2	1	0	0	2	1	1	0	0	2	1	1	1	0	0	2	1	0	0	0	2	0	1	2	1	0	1	1	0	1	2	3	1	1	0	1	1	2	1	2	1	0	1	1	1	1	2	1	0	0	1	0	0	1	0	0	1	1	0	0	0	7	5	0	0	1	0	0	2	0	0	0	0	0	0	1	0	0	1	0	0	0	1	0	0	1	0	0	0	0	1	0	1	0	0	0	2	0	1	1	2	2	0	0	0	0	0	1	0	0	0	0	1	0	0	0	0	0	1	0	0	0	0	0	0	0	1	0	0	0	1	2	0	1	1	0	1	0	1	0	0	1	0	0	0	0	1	0	0	1	0	0	1	0	1	1	0	0	3	1	0	0	1	0	1	1	0	2	0	0	0	0	1	0	0	1	0	0	0	0	0	1	2	2	0	0	0	0	0	0	0	0	0	0	0	0	0	1	0	0	1	0
1869	1821	137	144	126	118	49	66	54	42	66	63	31	28	39	24	44	34	16	25	29	24	22	19	14	15	12	24	8	7	7	14	6	19	15	11	8	22	7	10	9	10	8	5	11	3	3	7	7	13	3	1	2	13	9	6	3	4	10	0	5	3	0	8	6	14	2	6	0	3	7	1	1	5	1	2	3	3	4	4	0	6	6	2	3	1	3	3	4	3	6	0	1	3	2	2	4	0	5	2	0	0	0	2	3	6	1	0	2	2	3	3	2	2	3	0	0	2	1	0	1	0	3	2	2	1	1	5	1	3	2	2	1	1	2	0	1	2	0	2	0	0	1	0	2	0	3	1	3	1	1	0	1	14	0	0	0	0	1	1	0	0	0	2	0	0	0	0	0	1	3	0	2	3	2	4	0	0	1	0	1	0	3	0	3	0	1	0	0	0	0	0	1	0	1	1	0	4	0	0	0	2	0	0	0	0	0	0	2	1	1	0	0	0	0	0	0	0	1	2	0	1	1	0	0	0	1	0	3	0	0	0	0	0	0	0	0	2	0	0	1	0	0	0	0	0	0	0	0	0	0	0	1	0	0	0	1	2	0	1	0	0	1	0	0	0	0	0	0	1	0	0	0	0	0	0	0	1	1	0	1	0	0	1	0	1	0	0	0	0	0	0	0	0	0	0	1	0	0	0	0	0	0	0	0	0	1	2	0	0	0	1	0	0	0	0	0	0	0	0	0	0	0	0	0
1870	1618	137	121	82	88	47	54	75	46	101	66	21	32	25	10	20	17	39	15	13	12	24	13	30	9	7	25	6	49	5	6	20	10	9	3	8	7	1	6	8	6	7	6	2	4	8	3	6	2	10	29	2	4	4	11	5	8	5	2	3	1	1	1	4	1	1	3	2	4	2	8	3	2	2	2	3	2	3	4	16	4	1	6	1	3	4	4	1	0	2	1	1	2	0	1	5	4	3	2	0	1	1	2	3	1	4	0	2	2	6	1	3	1	1	0	2	1	2	2	0	0	0	3	0	0	2	1	0	1	2	3	0	8	1	0	1	0	0	0	2	2	2	0	1	1	1	0	1	1	1	0	1	1	2	0	1	0	1	0	0	4	0	1	0	0	0	0	0	0	0	1	0	1	0	1	0	1	0	0	0	0	0	0	0	1	0	0	0	0	1	1	0	0	1	0	1	0	0	1	0	1	0	1	0	0	0	1	0	0	1	0	1	0	0	0	0	0	0	1	0	0	0	0	1	0	1	0	1	0	0	0	0	0	0	1	0	0	0	0	0	0	1	1	0	0	0	0	0	0	0	0	0	0	0	1	0	1	0	0	0	0	0	0	0	0	0	0	0	0	0	0	1	0	1	0	0	0	0	0	1	0	0	0	0	0	0	0	0	0	1	1	0	0	0	0	1	0	0	0	1	0	0	0	0	0	1	0	0	0	0	0	0	0	0	0	1	0	0	0	0	1	0	0	0
1871	1791	114	97	76	99	81	46	68	47	68	39	22	32	38	17	39	26	113	20	13	12	15	18	19	6	5	13	8	108	14	8	5	7	18	14	10	7	8	5	10	17	8	9	2	3	6	9	9	4	11	41	2	4	5	1	7	3	1	1	2	3	5	8	3	4	2	2	3	8	1	2	0	7	6	0	4	6	1	0	27	6	2	2	1	3	1	3	2	0	3	0	2	2	1	2	1	1	1	1	0	3	1	2	3	2	5	2	0	0	1	3	2	1	1	5	1	0	1	1	1	0	0	0	1	3	2	1	0	0	0	2	1	2	2	0	0	1	1	0	8	1	2	4	0	2	1	1	1	0	2	1	2	16	0	0	0	1	0	1	1	2	1	1	1	2	0	0	0	2	1	0	1	0	1	0	0	2	0	0	1	1	0	0	1	2	0	0	1	0	2	0	0	1	0	0	1	0	0	0	0	1	1	0	0	0	0	3	1	0	4	1	0	0	0	2	0	0	1	0	0	1	1	0	1	0	0	0	0	0	1	0	0	0	0	0	0	0	0	2	0	0	0	0	1	0	0	0	0	0	0	0	0	0	0	0	0	0	1	0	0	0	1	0	0	0	0	0	0	0	0	0	0	1	0	2	0	0	0	0	0	0	0	0	0	0	0	0	1	0	0	0	0	0	0	2	0	0	0	0	0	0	0	0	0	0	0	0	0	1	4	0	0	0	1	0	0	0	0	1	0	0	0	0	0
1872	1808	94	169	81	85	48	55	46	69	59	45	36	8	35	18	20	31	10	20	8	37	19	36	13	13	30	13	132	21	34	8	15	16	6	6	1	6	8	6	10	5	3	2	5	1	5	5	3	14	2	2	1	6	1	6	6	2	6	2	1	7	4	14	13	0	2	4	1	4	1	3	1	7	1	3	4	2	1	3	3	2	1	5	3	9	3	1	5	40	2	17	3	4	3	0	1	2	1	1	2	1	14	2	3	0	0	5	1	2	2	0	2	5	1	1	1	0	0	2	1	0	1	1	0	0	0	1	5	5	1	1	0	0	0	2	13	4	0	7	0	1	0	1	4	0	2	1	1	0	2	3	1	0	0	2	6	1	0	0	2	9	0	1	4	0	0	1	0	1	1	0	4	2	0	0	0	1	0	1	0	1	1	1	0	0	1	3	0	0	0	1	0	0	0	0	1	1	0	0	3	0	1	0	0	2	0	0	1	1	2	0	1	0	0	0	1	0	0	0	0	0	0	1	0	0	0	0	1	0	0	0	0	1	0	0	1	1	0	1	1	0	0	0	1	0	0	0	0	1	0	0	0	0	1	0	0	0	0	1	0	0	0	0	0	2	0	1	0	0	0	0	1	0	0	0	1	0	0	0	0	0	1	0	0	0	0	0	0	0	0	0	0	0	2	0	0	0	0	1	0	0	0	0	0	0	0	0	0	0	1	0	1	0	0	0	0	0	0	0	0	0	0	0	0
1873	2183	111	121	181	156	84	137	76	75	64	58	47	37	31	27	29	27	35	24	18	30	15	20	17	23	15	6	22	40	16	22	9	6	8	9	13	9	8	7	6	20	8	7	9	14	4	2	8	5	9	0	1	9	18	3	8	10	7	8	19	3	6	15	8	1	1	2	2	3	3	0	5	3	2	4	4	3	5	4	14	1	12	4	5	2	0	5	0	2	4	7	3	1	4	3	9	6	3	3	4	4	7	6	3	2	1	1	1	0	9	9	6	3	4	13	4	1	3	2	3	0	0	1	3	0	0	1	3	1	3	0	0	1	1	1	1	0	1	4	1	0	0	1	4	2	3	1	2	2	1	3	1	3	1	1	3	1	1	0	5	1	0	1	1	1	0	1	0	0	0	2	0	0	0	1	1	1	1	1	1	0	0	0	0	0	0	3	3	0	2	0	0	2	0	0	0	2	1	0	0	3	1	0	0	0	0	1	2	3	0	0	0	0	0	1	1	1	0	0	0	1	0	0	0	0	0	0	0	0	0	0	0	0	0	5	0	0	0	2	0	0	3	0	0	0	0	0	1	0	0	0	1	0	0	2	0	0	0	1	0	0	0	0	0	1	0	1	1	0	1	0	0	0	0	0	0	0	0	0	2	3	0	0	0	0	1	0	0	0	0	0	0	0	0	1	0	0	1	0	1	0	0	0	0	0	1	0	0	0	0	0	0	0	0	0	0	0	0	0	0	1	0	0	0
1874	1955	127	125	115	196	60	135	52	46	37	63	51	46	21	29	11	25	17	40	29	22	24	17	19	16	13	14	13	22	4	13	9	8	11	7	1	10	7	3	13	3	4	7	1	29	2	8	3	6	10	7	3	8	12	13	3	5	3	12	12	4	0	5	5	1	2	4	1	2	4	5	2	3	7	5	4	6	3	4	11	6	4	5	2	0	2	4	2	8	5	3	1	4	2	3	8	1	0	3	2	4	2	1	0	1	2	0	3	0	5	0	5	4	1	4	6	0	2	3	2	2	4	1	6	0	0	0	2	1	12	2	0	0	1	4	3	2	0	3	1	0	1	0	2	1	1	0	6	1	1	0	0	6	0	0	7	1	1	0	1	2	0	1	1	1	0	3	1	0	0	0	0	0	0	0	0	0	0	0	0	1	1	2	0	0	2	1	1	0	0	0	0	2	1	0	2	0	1	1	1	0	1	1	3	0	2	0	1	1	1	0	1	0	0	0	0	1	2	1	0	2	3	0	0	0	0	0	1	0	0	0	0	0	1	1	2	0	0	1	0	0	0	0	0	0	1	0	0	0	0	1	1	0	1	0	0	0	1	1	0	0	1	1	0	0	0	0	0	0	1	0	0	0	0	0	1	0	0	1	0	0	0	3	0	0	0	0	2	0	0	0	0	0	0	0	0	0	0	0	1	0	0	1	0	0	0	0	0	0	0	0	0	0	0	1	1	0	0	0	0	0	0	1	0
1875	2143	109	126	141	113	96	129	92	57	67	98	45	38	32	24	20	33	5	38	38	37	24	20	19	29	14	30	26	5	18	3	13	18	14	4	11	8	8	6	13	4	7	3	6	10	16	9	2	9	10	8	0	2	8	3	6	8	0	10	4	7	3	6	9	0	4	2	7	6	9	4	2	3	12	4	4	2	6	0	3	2	2	9	1	4	3	4	0	5	3	2	11	1	2	4	1	5	5	5	2	7	0	0	1	4	0	7	2	1	5	0	2	3	1	0	2	2	1	3	0	0	5	3	2	1	1	4	1	2	2	3	2	3	1	1	8	0	0	1	5	7	1	5	1	2	2	2	1	2	3	0	2	0	0	2	9	0	0	3	0	6	3	0	3	2	1	2	2	7	1	0	0	1	2	2	0	0	0	0	3	0	0	3	0	0	1	1	1	0	1	0	2	1	0	0	0	1	0	1	0	0	0	1	1	0	2	1	0	2	1	0	2	1	0	0	0	0	0	2	1	2	1	0	1	0	0	3	1	1	3	1	0	1	0	0	0	0	0	0	0	1	0	2	0	0	0	0	0	0	2	0	1	0	0	2	0	2	0	1	1	0	0	0	0	0	0	0	3	0	0	0	0	0	1	0	0	0	0	0	0	0	0	3	0	0	0	1	1	0	0	0	0	2	0	0	0	0	0	0	1	0	0	0	0	0	0	0	1	0	2	1	0	2	0	0	0	0	0	0	0	0	0	0	0
1876	3000	130	163	127	332	67	153	73	73	50	66	29	48	33	19	31	28	156	23	27	21	12	9	10	17	10	11	2	149	13	11	18	7	11	17	36	12	13	11	13	11	16	6	19	49	5	20	18	8	14	44	6	8	65	8	6	46	3	65	41	6	8	11	2	0	4	6	12	13	6	1	4	1	7	2	6	4	12	2	22	4	3	10	4	1	2	0	2	0	7	1	4	3	0	3	29	2	6	44	0	6	0	2	1	2	0	4	0	0	23	2	2	0	7	9	22	1	0	7	1	0	1	1	8	7	1	0	4	0	2	0	6	0	4	1	0	0	1	0	2	4	0	4	1	2	0	0	4	1	0	0	2	0	1	0	1	3	1	1	4	0	1	0	0	0	0	0	1	0	1	2	0	0	1	1	2	0	3	0	2	3	2	2	0	0	1	2	2	1	3	0	0	1	0	3	1	1	1	1	2	1	0	0	0	0	1	1	1	0	1	0	1	0	0	0	0	3	0	1	0	0	1	0	0	0	0	1	1	1	1	3	1	0	0	1	1	0	0	2	0	0	1	0	0	1	0	1	1	0	0	2	0	0	0	1	1	0	1	0	0	0	0	0	3	0	1	0	1	0	1	0	0	2	1	0	0	0	0	0	0	0	0	1	0	1	0	1	1	0	0	0	0	3	0	0	4	0	0	0	1	0	0	0	0	1	1	0	1	0	0	0	0	0	0	0	2	0	0	0	0	0	3	0	0
1877	2898	219	181	159	247	121	110	96	50	77	47	65	76	37	27	47	45	55	22	15	20	35	15	16	33	15	11	16	69	6	28	17	15	24	15	44	11	16	9	19	5	14	8	12	25	8	40	7	8	8	16	4	9	26	1	5	28	1	30	18	6	5	8	1	0	4	4	13	8	2	4	4	4	11	4	9	5	8	2	10	9	8	13	6	2	8	2	3	0	6	3	8	3	1	8	19	2	4	19	2	5	0	3	3	4	3	2	3	0	10	3	6	3	2	4	13	4	2	3	2	0	4	5	2	5	2	0	1	0	2	2	4	0	9	0	0	0	4	3	3	3	2	5	5	1	3	5	7	1	0	0	3	0	2	0	2	2	0	4	2	0	3	2	0	0	0	0	2	3	2	1	0	3	1	0	1	0	2	2	1	0	1	3	0	0	0	0	1	0	1	0	0	1	1	0	0	1	1	1	0	5	0	0	0	0	0	1	0	0	1	0	0	0	0	0	0	1	0	0	0	2	0	1	1	0	1	0	3	1	0	6	0	0	0	0	0	0	0	2	1	0	1	0	0	2	0	1	0	0	0	1	1	0	1	1	0	1	0	0	0	1	2	0	0	0	0	0	0	0	0	0	0	2	0	0	0	1	0	0	0	0	0	0	0	0	0	0	0	0	0	0	1	0	0	1	0	0	0	1	5	0	0	0	0	0	1	0	1	0	0	2	0	0	0	0	0	0	0	1	0	0	1	0	0
1878	2076	111	124	139	124	90	82	89	56	64	86	40	36	30	16	71	35	58	21	23	17	11	8	18	18	6	15	10	58	13	6	11	13	12	15	11	14	7	20	12	7	10	10	6	13	6	17	8	5	5	7	2	8	9	2	6	5	0	22	9	1	6	7	2	0	2	4	4	8	6	3	2	6	10	4	9	2	3	4	13	5	5	8	3	1	5	0	2	5	3	0	3	4	1	7	3	3	1	5	0	1	1	0	2	0	6	1	2	0	4	0	4	2	3	2	7	3	2	0	4	1	4	0	7	0	2	0	1	1	3	1	0	0	2	1	0	1	2	1	1	1	4	3	1	1	2	5	0	1	0	0	0	0	0	2	1	4	0	3	1	0	2	0	0	0	3	0	0	0	0	0	0	1	0	0	5	1	3	0	1	0	0	0	0	0	1	3	2	1	1	1	0	0	0	1	0	0	0	0	2	1	0	0	1	2	0	0	0	0	1	0	1	0	0	0	0	1	1	0	0	0	2	0	0	2	1	1	0	0	1	2	0	0	0	0	0	0	0	1	0	0	0	0	0	0	0	0	2	0	0	0	1	0	1	0	0	1	0	1	0	0	0	0	0	0	0	0	0	0	0	0	0	1	0	0	1	1	0	1	0	1	1	0	0	0	0	0	0	0	1	1	0	0	0	0	1	0	0	0	0	0	0	0	0	1	0	0	1	0	0	2	0	0	1	1	0	1	0	0	0	0	0	0	0
1879	2644	159	159	165	137	129	100	105	60	81	80	42	57	36	46	26	35	124	32	26	20	22	15	15	23	15	12	25	98	10	14	20	14	33	25	30	7	15	8	25	7	14	10	17	9	9	24	15	4	12	26	2	3	5	0	3	6	1	47	3	7	2	4	14	0	4	4	11	4	8	9	4	3	6	1	7	5	2	3	19	3	3	7	1	5	2	2	4	1	4	2	4	1	5	1	0	6	0	2	0	7	0	0	2	0	1	0	3	0	1	1	1	1	0	2	0	2	6	0	1	0	3	2	1	11	0	0	3	4	1	1	5	2	1	0	1	1	1	0	1	0	1	2	1	4	3	2	1	3	0	0	1	0	3	1	3	1	3	6	4	1	0	0	1	2	3	3	4	0	1	1	0	0	2	3	4	1	4	1	1	0	0	0	0	1	0	2	1	1	1	0	0	0	2	1	1	0	0	5	6	2	0	0	1	3	3	1	0	0	0	0	0	2	0	2	0	0	0	0	1	1	3	0	4	1	1	0	0	0	0	0	1	0	0	0	1	2	0	0	0	0	1	1	0	1	0	0	0	0	1	1	0	0	0	1	1	0	3	0	0	1	0	0	0	0	0	1	1	0	0	0	0	2	0	0	0	0	0	1	0	0	0	0	0	0	0	0	1	1	0	0	0	0	0	0	1	0	1	0	0	0	0	0	0	1	0	0	1	0	2	0	0	0	1	0	0	0	0	0	0	0	0	0	0
1880	2844	192	186	149	117	124	103	105	76	83	92	37	53	59	46	55	39	68	59	27	27	14	20	22	36	22	17	31	62	23	26	25	15	12	16	31	17	36	17	9	22	6	10	13	7	4	12	22	9	12	11	2	9	1	3	6	5	5	34	5	6	8	10	4	0	5	6	13	4	1	4	4	3	12	7	4	3	6	6	35	3	2	5	3	2	8	1	1	12	4	5	6	8	9	2	2	4	1	0	6	6	2	3	5	6	5	2	5	2	0	3	7	0	6	2	4	6	5	2	3	0	4	2	6	4	1	0	1	0	5	1	8	1	8	1	2	1	1	2	6	3	2	5	4	4	2	1	1	13	1	1	2	0	2	0	0	1	0	0	1	0	1	1	0	0	1	1	0	0	2	1	3	0	2	2	4	0	4	1	1	0	0	6	0	0	0	0	0	1	2	2	0	0	0	3	0	0	0	0	3	0	0	1	1	1	0	1	0	2	1	0	0	2	0	1	2	0	1	1	0	1	2	0	0	1	0	0	1	0	1	0	3	1	1	1	0	1	0	0	0	2	0	0	0	0	0	0	2	1	0	1	0	0	0	0	1	0	0	0	0	1	0	2	0	1	0	0	0	0	0	0	0	0	2	1	0	0	0	1	0	0	0	0	0	2	2	0	0	0	0	1	0	1	1	0	0	0	0	1	2	1	0	0	0	0	0	0	2	1	0	0	0	0	1	1	1	0	0	0	0	1	1	0	0
1881	2560	210	181	160	144	117	145	74	67	104	66	36	48	43	39	54	60	14	51	18	29	19	13	18	37	19	22	25	13	20	17	22	10	12	9	25	18	10	18	8	13	12	11	4	13	8	10	9	7	6	8	1	5	4	4	4	2	1	13	4	2	3	6	1	0	4	8	10	8	6	4	4	6	6	6	8	4	6	6	6	9	6	5	3	0	1	3	1	5	5	2	1	3	3	5	10	5	3	2	4	3	2	2	5	4	7	3	6	1	1	3	1	2	2	6	0	5	0	1	4	2	4	3	1	0	0	1	1	1	2	1	5	1	5	0	1	0	2	1	2	1	6	1	3	2	2	1	0	0	2	3	0	0	3	1	2	2	1	1	2	1	3	2	1	3	1	1	1	1	1	1	0	2	4	0	2	1	1	0	6	0	0	1	0	0	0	0	2	7	3	0	2	1	2	1	0	0	1	0	0	0	0	2	0	2	1	1	0	0	1	2	0	0	0	1	1	1	0	1	0	0	0	0	0	0	2	0	0	0	0	1	2	0	1	0	0	2	0	1	0	0	0	1	0	2	2	0	1	0	3	1	0	0	1	2	1	2	3	0	0	0	0	1	1	0	1	0	0	0	2	1	0	2	0	0	1	0	0	0	0	0	0	0	2	0	0	3	0	0	0	0	0	0	0	4	0	0	0	1	0	0	0	0	2	0	0	0	1	0	0	1	0	2	0	0	1	0	0	1	0	1	0	1	0
1882	0	0	0	0	0	0	0	0	0	0	0	0	0	0	0	0	0	0	0	0	0	0	0	0	0	0	0	0	0	0	0	0	0	0	0	0	0	0	0	0	0	0	0	0	0	0	0	0	0	0	0	0	0	0	0	0	0	0	0	0	0	0	0	0	0	0	0	0	0	0	0	0	0	0	0	0	0	0	0	0	0	0	0	0	0	0	0	0	0	0	0	0	0	0	0	0	0	0	0	0	0	0	0	0	0	0	0	0	0	0	0	0	0	0	0	0	0	0	0	0	0	0	0	0	0	0	0	0	0	0	0	0	0	0	0	0	0	0	0	0	0	0	0	0	0	0	0	0	0	0	0	0	0	0	0	0	0	0	0	0	0	0	0	0	0	0	0	0	0	0	0	0	0	0	0	0	0	0	0	0	0	0	0	0	0	0	0	0	0	0	0	0	0	0	0	0	0	0	0	0	0	0	0	0	0	0	0	0	0	0	0	0	0	0	0	0	0	0	0	0	0	0	0	0	0	0	0	0	0	0	0	0	0	0	0	0	0	0	0	0	0	0	0	0	0	0	0	0	0	0	0	0	0	0	0	0	0	0	0	0	0	0	0	0	0	0	0	0	0	0	0	0	0	0	0	0	0	0	0	0	0	0	0	0	0	0	0	0	0	0	0	0	0	0	0	0	0	0	0	0	0	0	0	0	0	0	0	0	0	0	0	0	0	0	0	0	0	0	0	0	0	0	0	0
1883	3834	177	334	286	223	222	165	97	103	135	142	72	63	50	70	59	65	139	52	29	37	38	34	19	46	42	17	17	1	24	10	34	25	22	19	22	12	33	10	17	9	13	18	20	19	15	42	19	7	6	38	6	7	5	6	6	14	4	2	8	7	1	9	9	1	7	11	13	12	9	7	16	2	9	10	3	6	5	6	0	3	7	9	3	2	5	2	2	2	10	0	13	7	5	4	1	7	6	6	21	11	0	2	5	2	0	0	6	1	6	12	4	2	3	3	0	7	3	9	2	1	6	1	1	8	1	1	1	5	2	5	8	1	2	2	5	2	12	2	3	5	0	6	3	1	2	4	1	2	1	1	5	1	2	1	0	2	0	4	0	0	4	0	2	1	0	0	1	6	3	2	10	2	1	0	1	0	0	1	2	0	2	3	0	3	1	1	2	2	0	1	0	2	0	0	1	1	3	1	0	2	6	1	1	4	0	1	0	3	0	2	0	4	0	3	0	4	0	0	2	0	0	0	4	0	1	0	0	1	3	1	0	1	0	1	1	1	0	0	1	1	0	2	1	3	0	0	1	1	0	0	1	2	1	2	1	2	2	1	0	2	0	2	0	0	0	0	3	0	0	1	0	0	2	0	0	1	0	0	0	1	0	0	0	1	0	1	0	0	0	2	0	0	2	0	0	3	0	3	1	0	0	0	1	0	1	0	1	0	2	1	0	1	0	0	0	0	0	0	0	1	0	0	1
1884	3257	171	263	203	207	160	125	107	89	127	114	87	86	45	51	52	53	64	53	27	39	31	28	22	54	17	22	29	1	26	18	26	23	22	12	22	20	17	16	16	12	6	20	7	9	13	11	19	4	6	15	0	15	4	12	10	6	3	1	3	5	4	14	4	0	5	8	7	5	12	13	7	8	8	16	10	5	4	12	0	13	6	2	4	2	3	2	1	1	9	1	6	4	4	7	3	3	2	1	12	3	2	0	0	2	1	3	8	3	1	9	2	5	2	1	1	9	2	5	2	1	7	3	3	2	4	2	5	3	7	0	4	2	5	1	5	3	3	8	4	4	3	4	2	2	3	3	2	0	1	1	3	0	6	4	0	1	1	1	1	0	3	0	4	0	1	2	1	1	2	4	2	0	1	1	5	2	5	1	2	0	2	3	0	2	0	1	3	5	0	1	2	0	1	2	5	0	0	1	0	1	0	1	1	2	0	1	0	3	0	0	0	2	0	1	0	1	2	1	0	0	0	0	0	1	0	0	0	0	2	1	1	0	1	0	0	0	1	1	1	1	0	0	0	4	0	1	4	0	1	2	0	1	1	0	2	2	1	0	0	0	0	1	1	1	1	0	0	0	1	0	0	2	0	0	0	0	0	0	0	0	0	0	0	2	0	2	0	0	0	1	0	0	0	0	0	0	1	0	0	1	0	0	0	0	1	0	0	0	0	0	0	0	0	0	0	1	0	2	0	0	0	0	0
1885	3184	186	290	180	178	107	123	65	126	153	76	90	38	106	146	46	47	69	40	22	62	29	43	20	44	16	20	36	3	28	4	42	13	15	7	13	8	16	7	3	18	18	19	13	5	13	7	7	7	8	17	0	6	6	6	4	1	7	1	1	2	3	16	4	0	6	20	0	1	5	9	16	6	7	9	5	3	4	9	0	6	1	9	3	5	4	3	4	2	14	8	6	7	4	9	2	7	5	0	15	13	1	1	4	6	1	4	0	2	0	2	0	3	3	2	2	13	4	2	5	0	3	4	0	4	2	0	6	5	1	2	9	0	5	5	5	2	2	4	4	1	1	0	1	3	2	1	1	2	3	1	2	0	2	0	1	0	1	3	1	0	5	2	1	0	1	1	1	7	2	0	2	2	0	1	2	2	0	4	2	0	2	3	0	0	3	1	0	0	0	3	1	0	2	1	0	0	2	3	0	1	1	0	0	2	1	0	1	2	0	1	0	3	0	0	0	0	1	0	0	0	1	0	1	0	0	0	1	2	0	1	2	2	1	0	0	0	0	0	1	1	1	0	1	2	1	0	1	1	0	0	0	0	0	0	1	1	2	1	0	0	1	0	0	0	0	1	0	0	0	0	0	1	0	0	0	0	0	0	0	1	0	0	1	0	0	0	0	0	0	1	0	1	0	2	0	0	0	0	0	1	0	1	0	0	0	0	0	0	0	0	0	1	0	1	0	0	0	0	0	0	0	0	0
1886	3207	138	262	214	161	195	163	98	72	118	102	84	50	72	73	74	55	65	37	28	46	31	37	23	33	20	21	30	1	40	5	44	15	33	6	12	7	18	8	8	18	11	24	7	4	17	36	11	3	11	9	6	11	7	4	7	5	4	1	6	8	3	11	4	0	2	10	10	1	4	5	10	4	11	14	9	4	3	4	0	5	2	5	3	4	7	0	5	2	3	1	2	4	5	6	2	3	1	0	15	8	2	0	4	2	2	6	7	2	0	3	2	4	5	12	0	13	2	3	3	1	15	3	1	3	1	2	3	3	8	2	4	1	5	6	1	1	9	7	3	1	2	2	0	3	3	2	1	2	0	0	4	0	2	2	1	1	1	1	0	1	2	1	3	3	1	1	3	3	0	4	2	0	3	2	0	2	0	0	2	2	6	1	0	1	2	1	1	7	1	0	0	1	3	0	4	0	0	0	0	2	1	2	0	3	1	0	0	2	1	3	0	4	0	0	0	1	0	0	0	0	1	0	0	0	3	1	0	0	1	0	0	0	1	0	1	0	0	1	0	0	0	0	1	0	0	0	2	1	3	0	1	0	0	0	0	0	0	0	0	0	3	0	1	0	1	0	1	0	0	2	0	1	1	0	1	2	0	0	0	0	0	0	1	0	0	0	1	0	0	2	0	0	0	0	0	1	1	1	0	0	0	0	0	0	1	0	0	2	0	0	0	0	0	0	0	0	0	1	1	2	0	0	0
1887	3465	193	255	226	214	170	128	82	96	157	105	76	68	83	51	58	90	115	32	17	31	24	49	29	46	27	18	29	0	30	12	28	17	35	15	25	8	26	11	5	9	11	17	5	17	7	16	12	7	8	36	2	6	9	4	6	26	4	0	30	9	11	11	3	0	4	3	4	2	10	10	3	8	4	5	13	2	5	2	0	12	2	4	2	3	6	4	1	2	4	3	9	5	3	29	10	8	3	8	7	3	3	2	5	9	0	5	1	0	6	1	2	4	5	1	4	4	2	0	3	0	6	5	0	5	4	5	1	3	8	5	3	1	3	2	1	2	7	1	8	8	2	0	1	0	2	2	2	1	2	0	2	1	3	2	1	1	2	4	0	0	6	7	1	2	0	0	5	1	0	0	1	3	2	4	1	1	1	1	0	5	7	5	0	1	2	3	0	1	2	0	2	1	1	1	1	0	2	3	1	4	0	0	0	1	0	0	1	2	0	1	0	0	0	3	1	0	1	1	0	0	0	0	2	0	1	2	0	0	1	0	2	3	0	0	1	1	0	2	0	0	1	0	1	1	1	0	1	0	4	0	2	3	0	1	3	1	0	0	0	0	5	1	1	0	0	1	1	0	0	1	0	0	1	0	0	2	0	1	0	0	0	0	0	1	0	1	0	0	0	0	0	1	1	1	0	1	0	1	0	1	0	0	0	0	0	0	0	0	0	1	1	0	2	0	0	0	1	0	0	0	1	1	0
1888	3643	236	269	214	264	218	136	133	61	124	75	54	96	51	66	44	50	79	35	26	34	19	28	17	44	16	26	33	1	25	6	33	17	36	18	34	12	30	11	25	17	19	17	10	21	12	35	13	10	15	17	2	3	13	6	13	6	8	1	11	10	6	2	1	0	8	8	16	12	7	10	9	3	17	10	6	5	1	3	2	10	5	12	0	6	5	3	3	2	3	1	9	4	4	35	8	4	3	2	14	1	3	2	4	5	4	5	4	1	6	8	1	8	3	10	2	12	12	3	6	1	8	4	3	6	4	0	2	5	1	1	9	5	3	3	6	1	19	2	5	2	0	7	4	12	3	5	4	2	1	0	3	0	3	1	1	2	3	2	0	1	8	1	0	0	1	1	6	3	1	3	0	6	3	0	2	0	1	2	4	2	3	1	0	0	0	3	0	6	1	0	0	0	5	1	2	0	7	6	0	0	1	2	0	2	1	2	1	0	0	3	0	2	0	2	1	1	1	0	0	0	2	0	1	2	2	1	1	2	0	0	2	2	1	0	1	0	0	0	1	4	0	0	0	2	0	1	0	1	3	1	1	4	0	2	0	0	0	0	2	3	2	1	3	0	1	1	0	0	0	0	0	1	4	0	0	1	0	1	0	0	1	1	2	1	0	1	0	1	0	3	0	0	1	0	0	1	0	2	0	0	0	2	0	1	1	0	2	0	0	1	0	3	1	1	0	0	0	0	3	1	0	0	0
